cod_fatura;anomes;documento;razao_social;desc_forma_pagamento;valor_total;data_vencimento;nro_telefone;desc_tipo_servico;descricao;data_inicio;data_fim;valor
10742;202006;92782705000126;TMSA - TECNOLOGIA EM MOVIMENTACAO S/A;BOLETO;10161.05;2020-07-17;11950347943;SERVICO OPERADORA;A - DADOS SMART EMPRESAS 500MB;2019-01-01;;14.99
10742;202006;92782705000126;TMSA - TECNOLOGIA EM MOVIMENTACAO S/A;BOLETO;10161.05;2020-07-17;11950347943;PLANO PAGAMENTO;PROCESSAMENTO DE DADOS SIM;2019-01-01;;30.00
10742;202006;92782705000126;TMSA - TECNOLOGIA EM MOVIMENTACAO S/A;BOLETO;10161.05;2020-07-17;11950347947;SERVICO OPERADORA;A - DADOS SMART EMPRESAS 500MB;2019-01-01;;14.99
10742;202006;92782705000126;TMSA - TECNOLOGIA EM MOVIMENTACAO S/A;BOLETO;10161.05;2020-07-17;11950347947;PLANO PAGAMENTO;PROCESSAMENTO DE DADOS SIM;2019-01-01;;30.00
10742;202006;92782705000126;TMSA - TECNOLOGIA EM MOVIMENTACAO S/A;BOLETO;10161.05;2020-07-17;11950348047;SERVICO OPERADORA;A - DADOS SMART EMPRESAS 500MB;2019-01-01;;14.99
10742;202006;92782705000126;TMSA - TECNOLOGIA EM MOVIMENTACAO S/A;BOLETO;10161.05;2020-07-17;11950348047;PLANO PAGAMENTO;PROCESSAMENTO DE DADOS SIM;2019-01-01;;30.00
10742;202006;92782705000126;TMSA - TECNOLOGIA EM MOVIMENTACAO S/A;BOLETO;10161.05;2020-07-17;11950425576;SERVICO OPERADORA;A - DADOS SMART EMPRESAS 500MB;2019-01-01;;14.99
10742;202006;92782705000126;TMSA - TECNOLOGIA EM MOVIMENTACAO S/A;BOLETO;10161.05;2020-07-17;11950425576;PLANO PAGAMENTO;PROCESSAMENTO DE DADOS SIM;2019-01-01;;30.00
10742;202006;92782705000126;TMSA - TECNOLOGIA EM MOVIMENTACAO S/A;BOLETO;10161.05;2020-07-17;11992354292;SERVICO OPERADORA;A - DADOS SMART EMPRESAS 2GB;2019-01-01;;19.99
10742;202006;92782705000126;TMSA - TECNOLOGIA EM MOVIMENTACAO S/A;BOLETO;10161.05;2020-07-17;11992354292;PLANO PAGAMENTO;PROCESSAMENTO DE DADOS SIM;2019-01-01;;30.00
10742;202006;92782705000126;TMSA - TECNOLOGIA EM MOVIMENTACAO S/A;BOLETO;10161.05;2020-07-17;11993938170;SERVICO OPERADORA;A - DADOS SMART EMPRESAS 2GB;2019-01-01;;19.99
10742;202006;92782705000126;TMSA - TECNOLOGIA EM MOVIMENTACAO S/A;BOLETO;10161.05;2020-07-17;11993938170;PLANO PAGAMENTO;PROCESSAMENTO DE DADOS SIM;2019-01-01;;30.00
10742;202006;92782705000126;TMSA - TECNOLOGIA EM MOVIMENTACAO S/A;BOLETO;10161.05;2020-07-17;31971297617;SERVICO OPERADORA;A - PLANO SMART EMPRESAS NACIONAL;2019-08-01;;9.99
10742;202006;92782705000126;TMSA - TECNOLOGIA EM MOVIMENTACAO S/A;BOLETO;10161.05;2020-07-17;31971297617;PLANO PAGAMENTO;PROCESSAMENTO DE DADOS SIM;2019-08-01;;30.00
10742;202006;92782705000126;TMSA - TECNOLOGIA EM MOVIMENTACAO S/A;BOLETO;10161.05;2020-07-17;31971297717;SERVICO OPERADORA;A - PLANO SMART EMPRESAS NACIONAL;2019-08-01;;9.99
10742;202006;92782705000126;TMSA - TECNOLOGIA EM MOVIMENTACAO S/A;BOLETO;10161.05;2020-07-17;31971297717;PLANO PAGAMENTO;PROCESSAMENTO DE DADOS SIM;2019-08-01;;30.00
10742;202006;92782705000126;TMSA - TECNOLOGIA EM MOVIMENTACAO S/A;BOLETO;10161.05;2020-07-17;31971299534;PLANO PAGAMENTO;PROCESSAMENTO DE DADOS SIM;2019-08-01;;30.00
10742;202006;92782705000126;TMSA - TECNOLOGIA EM MOVIMENTACAO S/A;BOLETO;10161.05;2020-07-17;31971299534;SERVICO OPERADORA;A - DADOS SMART EMPRESAS 5GB;2020-03-16;;34.99
10742;202006;92782705000126;TMSA - TECNOLOGIA EM MOVIMENTACAO S/A;BOLETO;10161.05;2020-07-17;31982033512;SERVICO OPERADORA;A - PLANO SMART EMPRESAS NACIONAL;2019-08-01;;9.99
10742;202006;92782705000126;TMSA - TECNOLOGIA EM MOVIMENTACAO S/A;BOLETO;10161.05;2020-07-17;31982033512;PLANO PAGAMENTO;PROCESSAMENTO DE DADOS SIM;2019-08-01;;30.00
10742;202006;92782705000126;TMSA - TECNOLOGIA EM MOVIMENTACAO S/A;BOLETO;10161.05;2020-07-17;31983549683;PLANO PAGAMENTO;PROCESSAMENTO DE DADOS SIM;2019-08-01;;30.00
10742;202006;92782705000126;TMSA - TECNOLOGIA EM MOVIMENTACAO S/A;BOLETO;10161.05;2020-07-17;31983549683;SERVICO OPERADORA;A - PLANO SMART EMPRESAS NACIONAL;2019-08-01;;9.99
10742;202006;92782705000126;TMSA - TECNOLOGIA EM MOVIMENTACAO S/A;BOLETO;10161.05;2020-07-17;31983934517;PLANO PAGAMENTO;PROCESSAMENTO DE DADOS SIM;2019-08-01;;30.00
10742;202006;92782705000126;TMSA - TECNOLOGIA EM MOVIMENTACAO S/A;BOLETO;10161.05;2020-07-17;31983934517;SERVICO OPERADORA;A - PLANO SMART EMPRESAS NACIONAL;2019-08-01;;9.99
10742;202006;92782705000126;TMSA - TECNOLOGIA EM MOVIMENTACAO S/A;BOLETO;10161.05;2020-07-17;31984526147;SERVICO OPERADORA;A - DADOS SMART EMPRESAS 2GB;2019-01-01;;19.99
10742;202006;92782705000126;TMSA - TECNOLOGIA EM MOVIMENTACAO S/A;BOLETO;10161.05;2020-07-17;31984526147;PLANO PAGAMENTO;PROCESSAMENTO DE DADOS SIM;2019-01-01;;30.00
10742;202006;92782705000126;TMSA - TECNOLOGIA EM MOVIMENTACAO S/A;BOLETO;10161.05;2020-07-17;31984526706;PLANO PAGAMENTO;PROCESSAMENTO DE DADOS SIM;2019-01-01;;30.00
10742;202006;92782705000126;TMSA - TECNOLOGIA EM MOVIMENTACAO S/A;BOLETO;10161.05;2020-07-17;31984526706;SERVICO OPERADORA;A - DADOS SMART EMPRESAS 500MB;2019-01-01;;14.99
10742;202006;92782705000126;TMSA - TECNOLOGIA EM MOVIMENTACAO S/A;BOLETO;10161.05;2020-07-17;31984526869;PLANO PAGAMENTO;PROCESSAMENTO DE DADOS SIM;2019-08-01;;30.00
10742;202006;92782705000126;TMSA - TECNOLOGIA EM MOVIMENTACAO S/A;BOLETO;10161.05;2020-07-17;31984526869;SERVICO OPERADORA;A - PLANO SMART EMPRESAS NACIONAL;2019-08-01;;9.99
10742;202006;92782705000126;TMSA - TECNOLOGIA EM MOVIMENTACAO S/A;BOLETO;10161.05;2020-07-17;31997649947;PLANO PAGAMENTO;PROCESSAMENTO DE DADOS SIM;2019-01-01;;30.00
10742;202006;92782705000126;TMSA - TECNOLOGIA EM MOVIMENTACAO S/A;BOLETO;10161.05;2020-07-17;31997649947;SERVICO OPERADORA;A - DADOS SMART EMPRESAS 500MB;2019-01-01;;14.99
10742;202006;92782705000126;TMSA - TECNOLOGIA EM MOVIMENTACAO S/A;BOLETO;10161.05;2020-07-17;31999314622;SERVICO OPERADORA;A - PLANO SMART EMPRESAS NACIONAL;2019-08-01;;9.99
10742;202006;92782705000126;TMSA - TECNOLOGIA EM MOVIMENTACAO S/A;BOLETO;10161.05;2020-07-17;31999314622;PLANO PAGAMENTO;PROCESSAMENTO DE DADOS SIM;2019-08-01;;30.00
10742;202006;92782705000126;TMSA - TECNOLOGIA EM MOVIMENTACAO S/A;BOLETO;10161.05;2020-07-17;31999458383;PLANO PAGAMENTO;PROCESSAMENTO DE DADOS SIM;2019-01-01;;30.00
10742;202006;92782705000126;TMSA - TECNOLOGIA EM MOVIMENTACAO S/A;BOLETO;10161.05;2020-07-17;31999458383;SERVICO OPERADORA;A - DADOS SMART EMPRESAS 5GB;2019-01-01;;34.99
10742;202006;92782705000126;TMSA - TECNOLOGIA EM MOVIMENTACAO S/A;BOLETO;10161.05;2020-07-17;51980124484;SERVICO OPERADORA;A - DADOS SMART EMPRESAS 5GB;2019-05-29;;34.99
10742;202006;92782705000126;TMSA - TECNOLOGIA EM MOVIMENTACAO S/A;BOLETO;10161.05;2020-07-17;51980124484;PLANO PAGAMENTO;PROCESSAMENTO DE DADOS SIM;2019-05-29;;30.00
10742;202006;92782705000126;TMSA - TECNOLOGIA EM MOVIMENTACAO S/A;BOLETO;10161.05;2020-07-17;51980203820;PLANO PAGAMENTO;PROCESSAMENTO DE DADOS SIM;2019-01-01;;30.00
10742;202006;92782705000126;TMSA - TECNOLOGIA EM MOVIMENTACAO S/A;BOLETO;10161.05;2020-07-17;51980203820;SERVICO OPERADORA;A - MODEM SMART 3GB;2019-01-01;;24.90
10742;202006;92782705000126;TMSA - TECNOLOGIA EM MOVIMENTACAO S/A;BOLETO;10161.05;2020-07-17;51980507855;SERVICO OPERADORA;A - DADOS SMART EMPRESAS 5GB;2019-01-01;;34.99
10742;202006;92782705000126;TMSA - TECNOLOGIA EM MOVIMENTACAO S/A;BOLETO;10161.05;2020-07-17;51980507855;PLANO PAGAMENTO;PROCESSAMENTO DE DADOS SIM;2019-01-01;;30.00
10742;202006;92782705000126;TMSA - TECNOLOGIA EM MOVIMENTACAO S/A;BOLETO;10161.05;2020-07-17;51980508152;PLANO PAGAMENTO;PROCESSAMENTO DE DADOS SIM;2019-08-01;;30.00
10742;202006;92782705000126;TMSA - TECNOLOGIA EM MOVIMENTACAO S/A;BOLETO;10161.05;2020-07-17;51980508152;SERVICO OPERADORA;A - PLANO SMART EMPRESAS NACIONAL;2019-08-01;;9.99
10742;202006;92782705000126;TMSA - TECNOLOGIA EM MOVIMENTACAO S/A;BOLETO;10161.05;2020-07-17;51981861609;PLANO PAGAMENTO;PROCESSAMENTO DE DADOS B;2019-10-25;;6.00
10742;202006;92782705000126;TMSA - TECNOLOGIA EM MOVIMENTACAO S/A;BOLETO;10161.05;2020-07-17;51981861609;SERVICO OPERADORA;A - PLANO SMART EMPRESAS NACIONAL;2019-10-25;;9.99
10742;202006;92782705000126;TMSA - TECNOLOGIA EM MOVIMENTACAO S/A;BOLETO;10161.05;2020-07-17;51989128836;SERVICO OPERADORA;A - DADOS SMART EMPRESAS 5GB;2019-01-01;;34.99
10742;202006;92782705000126;TMSA - TECNOLOGIA EM MOVIMENTACAO S/A;BOLETO;10161.05;2020-07-17;51989128836;PLANO PAGAMENTO;PROCESSAMENTO DE DADOS SIM;2019-01-01;;30.00
10742;202006;92782705000126;TMSA - TECNOLOGIA EM MOVIMENTACAO S/A;BOLETO;10161.05;2020-07-17;51991007551;SERVICO OPERADORA;A - PLANO SMART EMPRESAS NACIONAL;2019-08-01;;9.99
10742;202006;92782705000126;TMSA - TECNOLOGIA EM MOVIMENTACAO S/A;BOLETO;10161.05;2020-07-17;51991007551;PLANO PAGAMENTO;PROCESSAMENTO DE DADOS SIM;2019-08-01;;30.00
10742;202006;92782705000126;TMSA - TECNOLOGIA EM MOVIMENTACAO S/A;BOLETO;10161.05;2020-07-17;51991014112;SERVICO OPERADORA;A - PLANO SMART EMPRESAS NACIONAL;2019-08-01;;9.99
10742;202006;92782705000126;TMSA - TECNOLOGIA EM MOVIMENTACAO S/A;BOLETO;10161.05;2020-07-17;51991014112;PLANO PAGAMENTO;PROCESSAMENTO DE DADOS SIM;2019-08-01;;30.00
10742;202006;92782705000126;TMSA - TECNOLOGIA EM MOVIMENTACAO S/A;BOLETO;10161.05;2020-07-17;51991015581;SERVICO OPERADORA;A - DADOS SMART EMPRESAS 500MB;2019-01-01;;14.99
10742;202006;92782705000126;TMSA - TECNOLOGIA EM MOVIMENTACAO S/A;BOLETO;10161.05;2020-07-17;51991015581;PLANO PAGAMENTO;PROCESSAMENTO DE DADOS SIM;2019-01-01;;30.00
10742;202006;92782705000126;TMSA - TECNOLOGIA EM MOVIMENTACAO S/A;BOLETO;10161.05;2020-07-17;51991026438;PLANO PAGAMENTO;PROCESSAMENTO DE DADOS SIM;2019-01-01;;30.00
10742;202006;92782705000126;TMSA - TECNOLOGIA EM MOVIMENTACAO S/A;BOLETO;10161.05;2020-07-17;51991026438;SERVICO OPERADORA;A - DADOS SMART EMPRESAS 5GB;2019-01-01;;34.99
10742;202006;92782705000126;TMSA - TECNOLOGIA EM MOVIMENTACAO S/A;BOLETO;10161.05;2020-07-17;51991034807;SERVICO OPERADORA;A - DADOS SMART EMPRESAS 500MB;2019-01-01;;14.99
10742;202006;92782705000126;TMSA - TECNOLOGIA EM MOVIMENTACAO S/A;BOLETO;10161.05;2020-07-17;51991034807;PLANO PAGAMENTO;PROCESSAMENTO DE DADOS SIM;2019-01-01;;30.00
10742;202006;92782705000126;TMSA - TECNOLOGIA EM MOVIMENTACAO S/A;BOLETO;10161.05;2020-07-17;51991034978;PLANO PAGAMENTO;PROCESSAMENTO DE DADOS SIM;2019-01-01;;30.00
10742;202006;92782705000126;TMSA - TECNOLOGIA EM MOVIMENTACAO S/A;BOLETO;10161.05;2020-07-17;51991034978;SERVICO OPERADORA;A - DADOS SMART EMPRESAS 5GB;2019-01-01;;34.99
10742;202006;92782705000126;TMSA - TECNOLOGIA EM MOVIMENTACAO S/A;BOLETO;10161.05;2020-07-17;51991035458;PLANO PAGAMENTO;PROCESSAMENTO DE DADOS SIM;2019-08-01;;30.00
10742;202006;92782705000126;TMSA - TECNOLOGIA EM MOVIMENTACAO S/A;BOLETO;10161.05;2020-07-17;51991035458;SERVICO OPERADORA;A - PLANO SMART EMPRESAS NACIONAL;2019-08-01;;9.99
10742;202006;92782705000126;TMSA - TECNOLOGIA EM MOVIMENTACAO S/A;BOLETO;10161.05;2020-07-17;51991059183;PLANO PAGAMENTO;PROCESSAMENTO DE DADOS SIM;2019-08-01;;30.00
10742;202006;92782705000126;TMSA - TECNOLOGIA EM MOVIMENTACAO S/A;BOLETO;10161.05;2020-07-17;51991059183;SERVICO OPERADORA;A - DADOS SMART EMPRESAS 5GB;2020-07-08;;34.99
10742;202006;92782705000126;TMSA - TECNOLOGIA EM MOVIMENTACAO S/A;BOLETO;10161.05;2020-07-17;51991153788;SERVICO OPERADORA;A - PLANO SMART EMPRESAS NACIONAL;2019-08-01;;9.99
10742;202006;92782705000126;TMSA - TECNOLOGIA EM MOVIMENTACAO S/A;BOLETO;10161.05;2020-07-17;51991153788;PLANO PAGAMENTO;PROCESSAMENTO DE DADOS SIM;2019-08-01;;30.00
10742;202006;92782705000126;TMSA - TECNOLOGIA EM MOVIMENTACAO S/A;BOLETO;10161.05;2020-07-17;51991200777;PLANO PAGAMENTO;PROCESSAMENTO DE DADOS SIM;2019-01-01;;30.00
10742;202006;92782705000126;TMSA - TECNOLOGIA EM MOVIMENTACAO S/A;BOLETO;10161.05;2020-07-17;51991200777;SERVICO OPERADORA;A - DADOS SMART EMPRESAS 500MB;2019-01-01;;14.99
10742;202006;92782705000126;TMSA - TECNOLOGIA EM MOVIMENTACAO S/A;BOLETO;10161.05;2020-07-17;51991202796;SERVICO OPERADORA;A - DADOS SMART EMPRESAS 500MB;2019-01-01;;14.99
10742;202006;92782705000126;TMSA - TECNOLOGIA EM MOVIMENTACAO S/A;BOLETO;10161.05;2020-07-17;51991202796;PLANO PAGAMENTO;PROCESSAMENTO DE DADOS SIM;2019-01-01;;30.00
10742;202006;92782705000126;TMSA - TECNOLOGIA EM MOVIMENTACAO S/A;BOLETO;10161.05;2020-07-17;51991223844;SERVICO OPERADORA;A - PLANO SMART EMPRESAS NACIONAL;2019-08-01;;9.99
10742;202006;92782705000126;TMSA - TECNOLOGIA EM MOVIMENTACAO S/A;BOLETO;10161.05;2020-07-17;51991223844;PLANO PAGAMENTO;PROCESSAMENTO DE DADOS SIM;2019-08-01;;30.00
10742;202006;92782705000126;TMSA - TECNOLOGIA EM MOVIMENTACAO S/A;BOLETO;10161.05;2020-07-17;51991225756;PLANO PAGAMENTO;PROCESSAMENTO DE DADOS SIM;2019-08-01;;30.00
10742;202006;92782705000126;TMSA - TECNOLOGIA EM MOVIMENTACAO S/A;BOLETO;10161.05;2020-07-17;51991225756;SERVICO OPERADORA;A - PLANO SMART EMPRESAS NACIONAL;2019-08-01;;9.99
10742;202006;92782705000126;TMSA - TECNOLOGIA EM MOVIMENTACAO S/A;BOLETO;10161.05;2020-07-17;51991259818;PLANO PAGAMENTO;PROCESSAMENTO DE DADOS SIM;2019-08-01;;30.00
10742;202006;92782705000126;TMSA - TECNOLOGIA EM MOVIMENTACAO S/A;BOLETO;10161.05;2020-07-17;51991259818;SERVICO OPERADORA;A - PLANO SMART EMPRESAS NACIONAL;2019-08-01;;9.99
10742;202006;92782705000126;TMSA - TECNOLOGIA EM MOVIMENTACAO S/A;BOLETO;10161.05;2020-07-17;51991315219;SERVICO OPERADORA;A - PLANO SMART EMPRESAS NACIONAL;2019-08-01;;9.99
10742;202006;92782705000126;TMSA - TECNOLOGIA EM MOVIMENTACAO S/A;BOLETO;10161.05;2020-07-17;51991315219;PLANO PAGAMENTO;PROCESSAMENTO DE DADOS SIM;2019-08-01;;30.00
10742;202006;92782705000126;TMSA - TECNOLOGIA EM MOVIMENTACAO S/A;BOLETO;10161.05;2020-07-17;51991317721;SERVICO OPERADORA;A - PLANO SMART EMPRESAS NACIONAL;2019-08-01;;9.99
10742;202006;92782705000126;TMSA - TECNOLOGIA EM MOVIMENTACAO S/A;BOLETO;10161.05;2020-07-17;51991317721;PLANO PAGAMENTO;PROCESSAMENTO DE DADOS SIM;2019-08-01;;30.00
10742;202006;92782705000126;TMSA - TECNOLOGIA EM MOVIMENTACAO S/A;BOLETO;10161.05;2020-07-17;51991400926;SERVICO OPERADORA;A - DADOS SMART EMPRESAS 5GB;2019-01-15;;34.99
10742;202006;92782705000126;TMSA - TECNOLOGIA EM MOVIMENTACAO S/A;BOLETO;10161.05;2020-07-17;51991400926;PLANO PAGAMENTO;PROCESSAMENTO DE DADOS SIM;2019-01-01;;30.00
10742;202006;92782705000126;TMSA - TECNOLOGIA EM MOVIMENTACAO S/A;BOLETO;10161.05;2020-07-17;51991561376;PLANO PAGAMENTO;PROCESSAMENTO DE DADOS SIM;2019-01-01;;30.00
10742;202006;92782705000126;TMSA - TECNOLOGIA EM MOVIMENTACAO S/A;BOLETO;10161.05;2020-07-17;51991561376;SERVICO OPERADORA;A - DADOS SMART EMPRESAS 500MB;2019-01-01;;14.99
10742;202006;92782705000126;TMSA - TECNOLOGIA EM MOVIMENTACAO S/A;BOLETO;10161.05;2020-07-17;51991717895;PLANO PAGAMENTO;PROCESSAMENTO DE DADOS SIM;2019-01-01;;30.00
10742;202006;92782705000126;TMSA - TECNOLOGIA EM MOVIMENTACAO S/A;BOLETO;10161.05;2020-07-17;51991717895;SERVICO OPERADORA;A - DADOS SMART EMPRESAS 5GB;2019-01-01;;34.99
10742;202006;92782705000126;TMSA - TECNOLOGIA EM MOVIMENTACAO S/A;BOLETO;10161.05;2020-07-17;51991728623;PLANO PAGAMENTO;PROCESSAMENTO DE DADOS SIM;2019-01-01;;30.00
10742;202006;92782705000126;TMSA - TECNOLOGIA EM MOVIMENTACAO S/A;BOLETO;10161.05;2020-07-17;51991728623;SERVICO OPERADORA;A - DADOS SMART EMPRESAS 500MB;2019-01-01;;14.99
10742;202006;92782705000126;TMSA - TECNOLOGIA EM MOVIMENTACAO S/A;BOLETO;10161.05;2020-07-17;51991755434;PLANO PAGAMENTO;PROCESSAMENTO DE DADOS SIM;2019-08-01;;30.00
10742;202006;92782705000126;TMSA - TECNOLOGIA EM MOVIMENTACAO S/A;BOLETO;10161.05;2020-07-17;51991755434;SERVICO OPERADORA;A - DADOS SMART EMPRESAS 2GB;2020-03-13;;19.99
10742;202006;92782705000126;TMSA - TECNOLOGIA EM MOVIMENTACAO S/A;BOLETO;10161.05;2020-07-17;51991789219;SERVICO OPERADORA;A - PLANO SMART EMPRESAS NACIONAL;2019-08-01;;9.99
10742;202006;92782705000126;TMSA - TECNOLOGIA EM MOVIMENTACAO S/A;BOLETO;10161.05;2020-07-17;51991789219;PLANO PAGAMENTO;PROCESSAMENTO DE DADOS SIM;2019-08-01;;30.00
10742;202006;92782705000126;TMSA - TECNOLOGIA EM MOVIMENTACAO S/A;BOLETO;10161.05;2020-07-17;51991810752;SERVICO OPERADORA;A - DADOS SMART EMPRESAS 5GB;2019-01-01;;34.99
10742;202006;92782705000126;TMSA - TECNOLOGIA EM MOVIMENTACAO S/A;BOLETO;10161.05;2020-07-17;51991810752;PLANO PAGAMENTO;PROCESSAMENTO DE DADOS SIM;2019-01-01;;30.00
10742;202006;92782705000126;TMSA - TECNOLOGIA EM MOVIMENTACAO S/A;BOLETO;10161.05;2020-07-17;51991813564;PLANO PAGAMENTO;PROCESSAMENTO DE DADOS SIM;2019-01-01;;30.00
10742;202006;92782705000126;TMSA - TECNOLOGIA EM MOVIMENTACAO S/A;BOLETO;10161.05;2020-07-17;51991813564;SERVICO OPERADORA;A - DADOS SMART EMPRESAS 5GB;2019-01-01;;34.99
10742;202006;92782705000126;TMSA - TECNOLOGIA EM MOVIMENTACAO S/A;BOLETO;10161.05;2020-07-17;51991842754;PLANO PAGAMENTO;PROCESSAMENTO DE DADOS SIM;2019-01-01;;30.00
10742;202006;92782705000126;TMSA - TECNOLOGIA EM MOVIMENTACAO S/A;BOLETO;10161.05;2020-07-17;51991842754;SERVICO OPERADORA;A - DADOS SMART EMPRESAS 500MB;2019-01-01;;14.99
10742;202006;92782705000126;TMSA - TECNOLOGIA EM MOVIMENTACAO S/A;BOLETO;10161.05;2020-07-17;51991914886;PLANO PAGAMENTO;PROCESSAMENTO DE DADOS SIM;2019-01-01;;30.00
10742;202006;92782705000126;TMSA - TECNOLOGIA EM MOVIMENTACAO S/A;BOLETO;10161.05;2020-07-17;51991914886;SERVICO OPERADORA;A - DADOS SMART EMPRESAS 2GB;2019-01-01;;19.99
10742;202006;92782705000126;TMSA - TECNOLOGIA EM MOVIMENTACAO S/A;BOLETO;10161.05;2020-07-17;51991916429;SERVICO OPERADORA;A - DADOS SMART EMPRESAS 2GB;2020-01-28;;19.99
10742;202006;92782705000126;TMSA - TECNOLOGIA EM MOVIMENTACAO S/A;BOLETO;10161.05;2020-07-17;51991916429;PLANO PAGAMENTO;PROCESSAMENTO DE DADOS SIM;2019-08-01;;30.00
10742;202006;92782705000126;TMSA - TECNOLOGIA EM MOVIMENTACAO S/A;BOLETO;10161.05;2020-07-17;51991919823;PLANO PAGAMENTO;PROCESSAMENTO DE DADOS SIM;2019-08-01;;30.00
10742;202006;92782705000126;TMSA - TECNOLOGIA EM MOVIMENTACAO S/A;BOLETO;10161.05;2020-07-17;51991919823;SERVICO OPERADORA;A - PLANO SMART EMPRESAS NACIONAL;2019-08-01;;9.99
10742;202006;92782705000126;TMSA - TECNOLOGIA EM MOVIMENTACAO S/A;BOLETO;10161.05;2020-07-17;51991924824;PLANO PAGAMENTO;PROCESSAMENTO DE DADOS SIM;2019-01-01;;30.00
10742;202006;92782705000126;TMSA - TECNOLOGIA EM MOVIMENTACAO S/A;BOLETO;10161.05;2020-07-17;51991924824;SERVICO OPERADORA;A - DADOS SMART EMPRESAS 500MB;2019-01-01;;14.99
10742;202006;92782705000126;TMSA - TECNOLOGIA EM MOVIMENTACAO S/A;BOLETO;10161.05;2020-07-17;51991943334;PLANO PAGAMENTO;PROCESSAMENTO DE DADOS SIM;2019-08-01;;30.00
10742;202006;92782705000126;TMSA - TECNOLOGIA EM MOVIMENTACAO S/A;BOLETO;10161.05;2020-07-17;51991943334;SERVICO OPERADORA;A - PLANO SMART EMPRESAS NACIONAL;2019-08-01;;9.99
10742;202006;92782705000126;TMSA - TECNOLOGIA EM MOVIMENTACAO S/A;BOLETO;10161.05;2020-07-17;51992067522;SERVICO OPERADORA;A - DADOS SMART EMPRESAS 5GB;2019-01-01;;34.99
10742;202006;92782705000126;TMSA - TECNOLOGIA EM MOVIMENTACAO S/A;BOLETO;10161.05;2020-07-17;51992067522;PLANO PAGAMENTO;PROCESSAMENTO DE DADOS SIM;2019-01-01;;30.00
10742;202006;92782705000126;TMSA - TECNOLOGIA EM MOVIMENTACAO S/A;BOLETO;10161.05;2020-07-17;51992518654;PLANO PAGAMENTO;PROCESSAMENTO DE DADOS SIM;2019-01-01;;30.00
10742;202006;92782705000126;TMSA - TECNOLOGIA EM MOVIMENTACAO S/A;BOLETO;10161.05;2020-07-17;51992518654;SERVICO OPERADORA;A - DADOS SMART EMPRESAS 5GB;2019-01-01;;34.99
10742;202006;92782705000126;TMSA - TECNOLOGIA EM MOVIMENTACAO S/A;BOLETO;10161.05;2020-07-17;51992518671;SERVICO OPERADORA;A - DADOS SMART EMPRESAS 5GB;2019-01-01;;34.99
10742;202006;92782705000126;TMSA - TECNOLOGIA EM MOVIMENTACAO S/A;BOLETO;10161.05;2020-07-17;51992518671;PLANO PAGAMENTO;PROCESSAMENTO DE DADOS SIM;2019-01-01;;30.00
10742;202006;92782705000126;TMSA - TECNOLOGIA EM MOVIMENTACAO S/A;BOLETO;10161.05;2020-07-17;51992518679;PLANO PAGAMENTO;PROCESSAMENTO DE DADOS SIM;2019-01-01;;30.00
10742;202006;92782705000126;TMSA - TECNOLOGIA EM MOVIMENTACAO S/A;BOLETO;10161.05;2020-07-17;51992518679;SERVICO OPERADORA;A - DADOS SMART EMPRESAS 5GB;2019-01-01;;34.99
10742;202006;92782705000126;TMSA - TECNOLOGIA EM MOVIMENTACAO S/A;BOLETO;10161.05;2020-07-17;51992545119;PLANO PAGAMENTO;PROCESSAMENTO DE DADOS SIM;2019-01-01;;30.00
10742;202006;92782705000126;TMSA - TECNOLOGIA EM MOVIMENTACAO S/A;BOLETO;10161.05;2020-07-17;51992545119;SERVICO OPERADORA;A - DADOS SMART EMPRESAS 500MB;2019-01-01;;14.99
10742;202006;92782705000126;TMSA - TECNOLOGIA EM MOVIMENTACAO S/A;BOLETO;10161.05;2020-07-17;51992580847;SERVICO OPERADORA;A - DADOS SMART EMPRESAS 5GB;2019-01-01;;34.99
10742;202006;92782705000126;TMSA - TECNOLOGIA EM MOVIMENTACAO S/A;BOLETO;10161.05;2020-07-17;51992580847;PLANO PAGAMENTO;PROCESSAMENTO DE DADOS SIM;2019-01-01;;30.00
10742;202006;92782705000126;TMSA - TECNOLOGIA EM MOVIMENTACAO S/A;BOLETO;10161.05;2020-07-17;51992592148;PLANO PAGAMENTO;PROCESSAMENTO DE DADOS SIM;2019-01-01;;30.00
10742;202006;92782705000126;TMSA - TECNOLOGIA EM MOVIMENTACAO S/A;BOLETO;10161.05;2020-07-17;51992592148;SERVICO OPERADORA;A - DADOS SMART EMPRESAS 500MB;2019-01-01;;14.99
10742;202006;92782705000126;TMSA - TECNOLOGIA EM MOVIMENTACAO S/A;BOLETO;10161.05;2020-07-17;51992592154;SERVICO OPERADORA;A - DADOS SMART EMPRESAS 5GB;2019-01-01;;34.99
10742;202006;92782705000126;TMSA - TECNOLOGIA EM MOVIMENTACAO S/A;BOLETO;10161.05;2020-07-17;51992592154;PLANO PAGAMENTO;PROCESSAMENTO DE DADOS SIM;2019-01-01;;30.00
10742;202006;92782705000126;TMSA - TECNOLOGIA EM MOVIMENTACAO S/A;BOLETO;10161.05;2020-07-17;51992592504;SERVICO OPERADORA;A - DADOS SMART EMPRESAS 5GB;2019-01-01;;34.99
10742;202006;92782705000126;TMSA - TECNOLOGIA EM MOVIMENTACAO S/A;BOLETO;10161.05;2020-07-17;51992592504;PLANO PAGAMENTO;PROCESSAMENTO DE DADOS SIM;2019-01-01;;30.00
10742;202006;92782705000126;TMSA - TECNOLOGIA EM MOVIMENTACAO S/A;BOLETO;10161.05;2020-07-17;51992592507;PLANO PAGAMENTO;PROCESSAMENTO DE DADOS SIM;2019-01-01;;30.00
10742;202006;92782705000126;TMSA - TECNOLOGIA EM MOVIMENTACAO S/A;BOLETO;10161.05;2020-07-17;51992592507;SERVICO OPERADORA;A - DADOS SMART EMPRESAS 500MB;2019-01-01;;14.99
10742;202006;92782705000126;TMSA - TECNOLOGIA EM MOVIMENTACAO S/A;BOLETO;10161.05;2020-07-17;51992592629;SERVICO OPERADORA;A - DADOS SMART EMPRESAS 500MB;2019-01-01;;14.99
10742;202006;92782705000126;TMSA - TECNOLOGIA EM MOVIMENTACAO S/A;BOLETO;10161.05;2020-07-17;51992592629;PLANO PAGAMENTO;PROCESSAMENTO DE DADOS SIM;2019-01-01;;30.00
10742;202006;92782705000126;TMSA - TECNOLOGIA EM MOVIMENTACAO S/A;BOLETO;10161.05;2020-07-17;51992592679;PLANO PAGAMENTO;PROCESSAMENTO DE DADOS SIM;2019-01-01;;30.00
10742;202006;92782705000126;TMSA - TECNOLOGIA EM MOVIMENTACAO S/A;BOLETO;10161.05;2020-07-17;51992592679;SERVICO OPERADORA;A - DADOS SMART EMPRESAS 5GB;2019-01-01;;34.99
10742;202006;92782705000126;TMSA - TECNOLOGIA EM MOVIMENTACAO S/A;BOLETO;10161.05;2020-07-17;51992592701;PLANO PAGAMENTO;PROCESSAMENTO DE DADOS SIM;2019-01-01;;30.00
10742;202006;92782705000126;TMSA - TECNOLOGIA EM MOVIMENTACAO S/A;BOLETO;10161.05;2020-07-17;51992592701;SERVICO OPERADORA;A - DADOS SMART EMPRESAS 5GB;2019-01-01;;34.99
10742;202006;92782705000126;TMSA - TECNOLOGIA EM MOVIMENTACAO S/A;BOLETO;10161.05;2020-07-17;51992592716;SERVICO OPERADORA;A - DADOS SMART EMPRESAS 5GB;2019-01-01;;34.99
10742;202006;92782705000126;TMSA - TECNOLOGIA EM MOVIMENTACAO S/A;BOLETO;10161.05;2020-07-17;51992592716;PLANO PAGAMENTO;PROCESSAMENTO DE DADOS SIM;2019-01-01;;30.00
10742;202006;92782705000126;TMSA - TECNOLOGIA EM MOVIMENTACAO S/A;BOLETO;10161.05;2020-07-17;51992592725;SERVICO OPERADORA;A - DADOS SMART EMPRESAS 500MB;2019-04-18;;14.99
10742;202006;92782705000126;TMSA - TECNOLOGIA EM MOVIMENTACAO S/A;BOLETO;10161.05;2020-07-17;51992592725;PLANO PAGAMENTO;PROCESSAMENTO DE DADOS SIM;2019-01-01;;30.00
10742;202006;92782705000126;TMSA - TECNOLOGIA EM MOVIMENTACAO S/A;BOLETO;10161.05;2020-07-17;51992592729;SERVICO OPERADORA;A - DADOS SMART EMPRESAS 2GB;2019-01-01;;19.99
10742;202006;92782705000126;TMSA - TECNOLOGIA EM MOVIMENTACAO S/A;BOLETO;10161.05;2020-07-17;51992592729;PLANO PAGAMENTO;PROCESSAMENTO DE DADOS SIM;2019-01-01;;30.00
10742;202006;92782705000126;TMSA - TECNOLOGIA EM MOVIMENTACAO S/A;BOLETO;10161.05;2020-07-17;51992592752;PLANO PAGAMENTO;PROCESSAMENTO DE DADOS SIM;2019-01-01;;30.00
10742;202006;92782705000126;TMSA - TECNOLOGIA EM MOVIMENTACAO S/A;BOLETO;10161.05;2020-07-17;51992592752;SERVICO OPERADORA;A - DADOS SMART EMPRESAS 5GB;2019-01-01;;34.99
10742;202006;92782705000126;TMSA - TECNOLOGIA EM MOVIMENTACAO S/A;BOLETO;10161.05;2020-07-17;51992592753;SERVICO OPERADORA;A - PLANO SMART EMPRESAS NACIONAL;2019-08-01;;9.99
10742;202006;92782705000126;TMSA - TECNOLOGIA EM MOVIMENTACAO S/A;BOLETO;10161.05;2020-07-17;51992592753;PLANO PAGAMENTO;PROCESSAMENTO DE DADOS SIM;2019-08-01;;30.00
10742;202006;92782705000126;TMSA - TECNOLOGIA EM MOVIMENTACAO S/A;BOLETO;10161.05;2020-07-17;51992592754;PLANO PAGAMENTO;PROCESSAMENTO DE DADOS SIM;2019-01-01;;30.00
10742;202006;92782705000126;TMSA - TECNOLOGIA EM MOVIMENTACAO S/A;BOLETO;10161.05;2020-07-17;51992592754;SERVICO OPERADORA;A - DADOS SMART EMPRESAS 500MB;2019-01-01;;14.99
10742;202006;92782705000126;TMSA - TECNOLOGIA EM MOVIMENTACAO S/A;BOLETO;10161.05;2020-07-17;51992592757;PLANO PAGAMENTO;PROCESSAMENTO DE DADOS SIM;2019-01-01;;30.00
10742;202006;92782705000126;TMSA - TECNOLOGIA EM MOVIMENTACAO S/A;BOLETO;10161.05;2020-07-17;51992592757;SERVICO OPERADORA;A - DADOS SMART EMPRESAS 500MB;2019-01-01;;14.99
10742;202006;92782705000126;TMSA - TECNOLOGIA EM MOVIMENTACAO S/A;BOLETO;10161.05;2020-07-17;51992592758;SERVICO OPERADORA;A - PLANO SMART EMPRESAS NACIONAL;2019-08-01;;9.99
10742;202006;92782705000126;TMSA - TECNOLOGIA EM MOVIMENTACAO S/A;BOLETO;10161.05;2020-07-17;51992592758;PLANO PAGAMENTO;PROCESSAMENTO DE DADOS SIM;2019-08-01;;30.00
10742;202006;92782705000126;TMSA - TECNOLOGIA EM MOVIMENTACAO S/A;BOLETO;10161.05;2020-07-17;51992592796;PLANO PAGAMENTO;PROCESSAMENTO DE DADOS SIM;2019-01-01;;30.00
10742;202006;92782705000126;TMSA - TECNOLOGIA EM MOVIMENTACAO S/A;BOLETO;10161.05;2020-07-17;51992592796;SERVICO OPERADORA;A - DADOS SMART EMPRESAS 500MB;2019-01-01;;14.99
10742;202006;92782705000126;TMSA - TECNOLOGIA EM MOVIMENTACAO S/A;BOLETO;10161.05;2020-07-17;51992592802;SERVICO OPERADORA;A - DADOS SMART EMPRESAS 2GB;2019-01-01;;19.99
10742;202006;92782705000126;TMSA - TECNOLOGIA EM MOVIMENTACAO S/A;BOLETO;10161.05;2020-07-17;51992592802;PLANO PAGAMENTO;PROCESSAMENTO DE DADOS SIM;2019-01-01;;30.00
10742;202006;92782705000126;TMSA - TECNOLOGIA EM MOVIMENTACAO S/A;BOLETO;10161.05;2020-07-17;51992592803;PLANO PAGAMENTO;PROCESSAMENTO DE DADOS SIM;2019-01-01;;30.00
10742;202006;92782705000126;TMSA - TECNOLOGIA EM MOVIMENTACAO S/A;BOLETO;10161.05;2020-07-17;51992592803;SERVICO OPERADORA;A - DADOS SMART EMPRESAS 5GB;2019-01-01;;34.99
10742;202006;92782705000126;TMSA - TECNOLOGIA EM MOVIMENTACAO S/A;BOLETO;10161.05;2020-07-17;51992592816;PLANO PAGAMENTO;PROCESSAMENTO DE DADOS SIM;2019-01-01;;30.00
10742;202006;92782705000126;TMSA - TECNOLOGIA EM MOVIMENTACAO S/A;BOLETO;10161.05;2020-07-17;51992592816;SERVICO OPERADORA;A - DADOS SMART EMPRESAS 5GB;2019-01-01;;34.99
10742;202006;92782705000126;TMSA - TECNOLOGIA EM MOVIMENTACAO S/A;BOLETO;10161.05;2020-07-17;51992592817;SERVICO OPERADORA;A - DADOS SMART EMPRESAS 5GB;2019-01-01;;34.99
10742;202006;92782705000126;TMSA - TECNOLOGIA EM MOVIMENTACAO S/A;BOLETO;10161.05;2020-07-17;51992592817;PLANO PAGAMENTO;PROCESSAMENTO DE DADOS SIM;2019-01-01;;30.00
10742;202006;92782705000126;TMSA - TECNOLOGIA EM MOVIMENTACAO S/A;BOLETO;10161.05;2020-07-17;51992592818;SERVICO OPERADORA;A - DADOS SMART EMPRESAS 500MB;2019-01-01;;14.99
10742;202006;92782705000126;TMSA - TECNOLOGIA EM MOVIMENTACAO S/A;BOLETO;10161.05;2020-07-17;51992592818;PLANO PAGAMENTO;PROCESSAMENTO DE DADOS SIM;2019-01-01;;30.00
10742;202006;92782705000126;TMSA - TECNOLOGIA EM MOVIMENTACAO S/A;BOLETO;10161.05;2020-07-17;51992592819;PLANO PAGAMENTO;PROCESSAMENTO DE DADOS SIM;2019-01-01;;30.00
10742;202006;92782705000126;TMSA - TECNOLOGIA EM MOVIMENTACAO S/A;BOLETO;10161.05;2020-07-17;51992592819;SERVICO OPERADORA;A - DADOS SMART EMPRESAS 5GB;2019-01-01;;34.99
10742;202006;92782705000126;TMSA - TECNOLOGIA EM MOVIMENTACAO S/A;BOLETO;10161.05;2020-07-17;51992592826;SERVICO OPERADORA;A - DADOS SMART EMPRESAS 5GB;2019-01-01;;34.99
10742;202006;92782705000126;TMSA - TECNOLOGIA EM MOVIMENTACAO S/A;BOLETO;10161.05;2020-07-17;51992592826;PLANO PAGAMENTO;PROCESSAMENTO DE DADOS SIM;2019-01-01;;30.00
10742;202006;92782705000126;TMSA - TECNOLOGIA EM MOVIMENTACAO S/A;BOLETO;10161.05;2020-07-17;51992592833;PLANO PAGAMENTO;PROCESSAMENTO DE DADOS SIM;2019-01-01;;30.00
10742;202006;92782705000126;TMSA - TECNOLOGIA EM MOVIMENTACAO S/A;BOLETO;10161.05;2020-07-17;51992592833;SERVICO OPERADORA;A - DADOS SMART EMPRESAS 2GB;2019-01-01;;19.99
10742;202006;92782705000126;TMSA - TECNOLOGIA EM MOVIMENTACAO S/A;BOLETO;10161.05;2020-07-17;51992592834;PLANO PAGAMENTO;PROCESSAMENTO DE DADOS SIM;2019-01-01;;30.00
10742;202006;92782705000126;TMSA - TECNOLOGIA EM MOVIMENTACAO S/A;BOLETO;10161.05;2020-07-17;51992592834;SERVICO OPERADORA;A - DADOS SMART EMPRESAS 5GB;2019-01-01;;34.99
10742;202006;92782705000126;TMSA - TECNOLOGIA EM MOVIMENTACAO S/A;BOLETO;10161.05;2020-07-17;51992592835;SERVICO OPERADORA;A - DADOS SMART EMPRESAS 500MB;2019-01-01;;14.99
10742;202006;92782705000126;TMSA - TECNOLOGIA EM MOVIMENTACAO S/A;BOLETO;10161.05;2020-07-17;51992592835;PLANO PAGAMENTO;PROCESSAMENTO DE DADOS SIM;2019-01-01;;30.00
10742;202006;92782705000126;TMSA - TECNOLOGIA EM MOVIMENTACAO S/A;BOLETO;10161.05;2020-07-17;51992592841;PLANO PAGAMENTO;PROCESSAMENTO DE DADOS SIM;2019-08-01;;30.00
10742;202006;92782705000126;TMSA - TECNOLOGIA EM MOVIMENTACAO S/A;BOLETO;10161.05;2020-07-17;51992592841;SERVICO OPERADORA;A - PLANO SMART EMPRESAS NACIONAL;2019-08-01;;9.99
10742;202006;92782705000126;TMSA - TECNOLOGIA EM MOVIMENTACAO S/A;BOLETO;10161.05;2020-07-17;51992592842;PLANO PAGAMENTO;PROCESSAMENTO DE DADOS SIM;2019-01-01;;30.00
10742;202006;92782705000126;TMSA - TECNOLOGIA EM MOVIMENTACAO S/A;BOLETO;10161.05;2020-07-17;51992592842;SERVICO OPERADORA;A - DADOS SMART EMPRESAS 500MB;2019-01-01;;14.99
10742;202006;92782705000126;TMSA - TECNOLOGIA EM MOVIMENTACAO S/A;BOLETO;10161.05;2020-07-17;51992592843;PLANO PAGAMENTO;PROCESSAMENTO DE DADOS SIM;2019-01-01;;30.00
10742;202006;92782705000126;TMSA - TECNOLOGIA EM MOVIMENTACAO S/A;BOLETO;10161.05;2020-07-17;51992592843;SERVICO OPERADORA;A - DADOS SMART EMPRESAS 5GB;2019-01-01;;34.99
10742;202006;92782705000126;TMSA - TECNOLOGIA EM MOVIMENTACAO S/A;BOLETO;10161.05;2020-07-17;51992592845;PLANO PAGAMENTO;PROCESSAMENTO DE DADOS SIM;2019-01-01;;30.00
10742;202006;92782705000126;TMSA - TECNOLOGIA EM MOVIMENTACAO S/A;BOLETO;10161.05;2020-07-17;51992592845;SERVICO OPERADORA;A - DADOS SMART EMPRESAS 5GB;2019-01-01;;34.99
10742;202006;92782705000126;TMSA - TECNOLOGIA EM MOVIMENTACAO S/A;BOLETO;10161.05;2020-07-17;51992592846;PLANO PAGAMENTO;PROCESSAMENTO DE DADOS SIM;2019-01-01;;30.00
10742;202006;92782705000126;TMSA - TECNOLOGIA EM MOVIMENTACAO S/A;BOLETO;10161.05;2020-07-17;51992592846;SERVICO OPERADORA;A - DADOS SMART EMPRESAS 500MB;2019-01-01;;14.99
10742;202006;92782705000126;TMSA - TECNOLOGIA EM MOVIMENTACAO S/A;BOLETO;10161.05;2020-07-17;51992592847;SERVICO OPERADORA;A - DADOS SMART EMPRESAS 500MB;2019-01-01;;14.99
10742;202006;92782705000126;TMSA - TECNOLOGIA EM MOVIMENTACAO S/A;BOLETO;10161.05;2020-07-17;51992592847;PLANO PAGAMENTO;PROCESSAMENTO DE DADOS SIM;2019-01-01;;30.00
10742;202006;92782705000126;TMSA - TECNOLOGIA EM MOVIMENTACAO S/A;BOLETO;10161.05;2020-07-17;51992592848;PLANO PAGAMENTO;PROCESSAMENTO DE DADOS SIM;2019-01-01;;30.00
10742;202006;92782705000126;TMSA - TECNOLOGIA EM MOVIMENTACAO S/A;BOLETO;10161.05;2020-07-17;51992592848;SERVICO OPERADORA;A - DADOS SMART EMPRESAS 5GB;2019-01-01;;34.99
10742;202006;92782705000126;TMSA - TECNOLOGIA EM MOVIMENTACAO S/A;BOLETO;10161.05;2020-07-17;51992592850;PLANO PAGAMENTO;PROCESSAMENTO DE DADOS SIM;2019-01-01;;30.00
10742;202006;92782705000126;TMSA - TECNOLOGIA EM MOVIMENTACAO S/A;BOLETO;10161.05;2020-07-17;51992592850;SERVICO OPERADORA;A - DADOS SMART EMPRESAS 500MB;2019-01-01;;14.99
10742;202006;92782705000126;TMSA - TECNOLOGIA EM MOVIMENTACAO S/A;BOLETO;10161.05;2020-07-17;51992592851;PLANO PAGAMENTO;PROCESSAMENTO DE DADOS SIM;2019-08-01;;30.00
10742;202006;92782705000126;TMSA - TECNOLOGIA EM MOVIMENTACAO S/A;BOLETO;10161.05;2020-07-17;51992592851;SERVICO OPERADORA;A - PLANO SMART EMPRESAS NACIONAL;2019-08-01;;9.99
10742;202006;92782705000126;TMSA - TECNOLOGIA EM MOVIMENTACAO S/A;BOLETO;10161.05;2020-07-17;51992592867;PLANO PAGAMENTO;PROCESSAMENTO DE DADOS SIM;2019-01-01;;30.00
10742;202006;92782705000126;TMSA - TECNOLOGIA EM MOVIMENTACAO S/A;BOLETO;10161.05;2020-07-17;51992592867;SERVICO OPERADORA;A - DADOS SMART EMPRESAS 500MB;2019-01-01;;14.99
10742;202006;92782705000126;TMSA - TECNOLOGIA EM MOVIMENTACAO S/A;BOLETO;10161.05;2020-07-17;51992592869;SERVICO OPERADORA;A - DADOS SMART EMPRESAS 5GB;2019-01-01;;34.99
10742;202006;92782705000126;TMSA - TECNOLOGIA EM MOVIMENTACAO S/A;BOLETO;10161.05;2020-07-17;51992592869;PLANO PAGAMENTO;PROCESSAMENTO DE DADOS SIM;2019-01-01;;30.00
10742;202006;92782705000126;TMSA - TECNOLOGIA EM MOVIMENTACAO S/A;BOLETO;10161.05;2020-07-17;51992592870;PLANO PAGAMENTO;PROCESSAMENTO DE DADOS SIM;2019-08-01;;30.00
10742;202006;92782705000126;TMSA - TECNOLOGIA EM MOVIMENTACAO S/A;BOLETO;10161.05;2020-07-17;51992592870;SERVICO OPERADORA;A - PLANO SMART EMPRESAS NACIONAL;2019-08-01;;9.99
10742;202006;92782705000126;TMSA - TECNOLOGIA EM MOVIMENTACAO S/A;BOLETO;10161.05;2020-07-17;51992592871;SERVICO OPERADORA;A - PLANO SMART EMPRESAS NACIONAL;2019-08-01;;9.99
10742;202006;92782705000126;TMSA - TECNOLOGIA EM MOVIMENTACAO S/A;BOLETO;10161.05;2020-07-17;51992592871;PLANO PAGAMENTO;PROCESSAMENTO DE DADOS SIM;2019-08-01;;30.00
10742;202006;92782705000126;TMSA - TECNOLOGIA EM MOVIMENTACAO S/A;BOLETO;10161.05;2020-07-17;51992592873;SERVICO OPERADORA;A - DADOS SMART EMPRESAS 5GB;2019-01-01;;34.99
10742;202006;92782705000126;TMSA - TECNOLOGIA EM MOVIMENTACAO S/A;BOLETO;10161.05;2020-07-17;51992592873;PLANO PAGAMENTO;PROCESSAMENTO DE DADOS SIM;2019-01-01;;30.00
10742;202006;92782705000126;TMSA - TECNOLOGIA EM MOVIMENTACAO S/A;BOLETO;10161.05;2020-07-17;51992592886;SERVICO OPERADORA;A - DADOS SMART EMPRESAS 5GB;2019-01-01;;34.99
10742;202006;92782705000126;TMSA - TECNOLOGIA EM MOVIMENTACAO S/A;BOLETO;10161.05;2020-07-17;51992592886;PLANO PAGAMENTO;PROCESSAMENTO DE DADOS SIM;2019-01-01;;30.00
10742;202006;92782705000126;TMSA - TECNOLOGIA EM MOVIMENTACAO S/A;BOLETO;10161.05;2020-07-17;51992592887;SERVICO OPERADORA;A - DADOS SMART EMPRESAS 5GB;2019-01-01;;34.99
10742;202006;92782705000126;TMSA - TECNOLOGIA EM MOVIMENTACAO S/A;BOLETO;10161.05;2020-07-17;51992592887;PLANO PAGAMENTO;PROCESSAMENTO DE DADOS SIM;2019-01-01;;30.00
10742;202006;92782705000126;TMSA - TECNOLOGIA EM MOVIMENTACAO S/A;BOLETO;10161.05;2020-07-17;51992592888;PLANO PAGAMENTO;PROCESSAMENTO DE DADOS SIM;2019-08-01;;30.00
10742;202006;92782705000126;TMSA - TECNOLOGIA EM MOVIMENTACAO S/A;BOLETO;10161.05;2020-07-17;51992592888;SERVICO OPERADORA;A - DADOS SMART EMPRESAS 5GB;2019-11-12;;34.99
10742;202006;92782705000126;TMSA - TECNOLOGIA EM MOVIMENTACAO S/A;BOLETO;10161.05;2020-07-17;51992592889;SERVICO OPERADORA;A - DADOS SMART EMPRESAS 5GB;2019-01-01;;34.99
10742;202006;92782705000126;TMSA - TECNOLOGIA EM MOVIMENTACAO S/A;BOLETO;10161.05;2020-07-17;51992592889;PLANO PAGAMENTO;PROCESSAMENTO DE DADOS SIM;2019-01-01;;30.00
10742;202006;92782705000126;TMSA - TECNOLOGIA EM MOVIMENTACAO S/A;BOLETO;10161.05;2020-07-17;51992592893;PLANO PAGAMENTO;PROCESSAMENTO DE DADOS SIM;2019-08-01;;30.00
10742;202006;92782705000126;TMSA - TECNOLOGIA EM MOVIMENTACAO S/A;BOLETO;10161.05;2020-07-17;51992592893;SERVICO OPERADORA;A - PLANO SMART EMPRESAS NACIONAL;2019-08-01;;9.99
10742;202006;92782705000126;TMSA - TECNOLOGIA EM MOVIMENTACAO S/A;BOLETO;10161.05;2020-07-17;51992592953;SERVICO OPERADORA;A - DADOS SMART EMPRESAS 500MB;2019-01-01;;14.99
10742;202006;92782705000126;TMSA - TECNOLOGIA EM MOVIMENTACAO S/A;BOLETO;10161.05;2020-07-17;51992592953;PLANO PAGAMENTO;PROCESSAMENTO DE DADOS SIM;2019-01-01;;30.00
10742;202006;92782705000126;TMSA - TECNOLOGIA EM MOVIMENTACAO S/A;BOLETO;10161.05;2020-07-17;51992592954;SERVICO OPERADORA;A - DADOS SMART EMPRESAS 2GB;2019-01-01;;19.99
10742;202006;92782705000126;TMSA - TECNOLOGIA EM MOVIMENTACAO S/A;BOLETO;10161.05;2020-07-17;51992592954;PLANO PAGAMENTO;PROCESSAMENTO DE DADOS SIM;2019-01-01;;30.00
10742;202006;92782705000126;TMSA - TECNOLOGIA EM MOVIMENTACAO S/A;BOLETO;10161.05;2020-07-17;51992592955;SERVICO OPERADORA;A - DADOS SMART EMPRESAS 500MB;2019-01-01;;14.99
10742;202006;92782705000126;TMSA - TECNOLOGIA EM MOVIMENTACAO S/A;BOLETO;10161.05;2020-07-17;51992592955;PLANO PAGAMENTO;PROCESSAMENTO DE DADOS SIM;2019-01-01;;30.00
10742;202006;92782705000126;TMSA - TECNOLOGIA EM MOVIMENTACAO S/A;BOLETO;10161.05;2020-07-17;51992592956;PLANO PAGAMENTO;PROCESSAMENTO DE DADOS SIM;2019-08-01;;30.00
10742;202006;92782705000126;TMSA - TECNOLOGIA EM MOVIMENTACAO S/A;BOLETO;10161.05;2020-07-17;51992592956;SERVICO OPERADORA;A - PLANO SMART EMPRESAS NACIONAL;2019-08-01;;9.99
10742;202006;92782705000126;TMSA - TECNOLOGIA EM MOVIMENTACAO S/A;BOLETO;10161.05;2020-07-17;51992592957;PLANO PAGAMENTO;PROCESSAMENTO DE DADOS SIM;2019-01-01;;30.00
10742;202006;92782705000126;TMSA - TECNOLOGIA EM MOVIMENTACAO S/A;BOLETO;10161.05;2020-07-17;51992592957;SERVICO OPERADORA;A - DADOS SMART EMPRESAS 500MB;2019-01-01;;14.99
10742;202006;92782705000126;TMSA - TECNOLOGIA EM MOVIMENTACAO S/A;BOLETO;10161.05;2020-07-17;51992592958;PLANO PAGAMENTO;PROCESSAMENTO DE DADOS SIM;2019-08-01;;30.00
10742;202006;92782705000126;TMSA - TECNOLOGIA EM MOVIMENTACAO S/A;BOLETO;10161.05;2020-07-17;51992592958;SERVICO OPERADORA;A - PLANO SMART EMPRESAS NACIONAL;2019-08-01;;9.99
10742;202006;92782705000126;TMSA - TECNOLOGIA EM MOVIMENTACAO S/A;BOLETO;10161.05;2020-07-17;51992592959;SERVICO OPERADORA;A - DADOS SMART EMPRESAS 5GB;2019-01-01;;34.99
10742;202006;92782705000126;TMSA - TECNOLOGIA EM MOVIMENTACAO S/A;BOLETO;10161.05;2020-07-17;51992592959;PLANO PAGAMENTO;PROCESSAMENTO DE DADOS SIM;2019-01-01;;30.00
10742;202006;92782705000126;TMSA - TECNOLOGIA EM MOVIMENTACAO S/A;BOLETO;10161.05;2020-07-17;51992592970;PLANO PAGAMENTO;PROCESSAMENTO DE DADOS SIM;2019-01-01;;30.00
10742;202006;92782705000126;TMSA - TECNOLOGIA EM MOVIMENTACAO S/A;BOLETO;10161.05;2020-07-17;51992592970;SERVICO OPERADORA;A - DADOS SMART EMPRESAS 500MB;2019-01-01;;14.99
10742;202006;92782705000126;TMSA - TECNOLOGIA EM MOVIMENTACAO S/A;BOLETO;10161.05;2020-07-17;51992592971;PLANO PAGAMENTO;PROCESSAMENTO DE DADOS SIM;2019-08-01;;30.00
10742;202006;92782705000126;TMSA - TECNOLOGIA EM MOVIMENTACAO S/A;BOLETO;10161.05;2020-07-17;51992592971;SERVICO OPERADORA;A - PLANO SMART EMPRESAS NACIONAL;2019-08-01;;9.99
10742;202006;92782705000126;TMSA - TECNOLOGIA EM MOVIMENTACAO S/A;BOLETO;10161.05;2020-07-17;51992592972;SERVICO OPERADORA;A - DADOS SMART EMPRESAS 2GB;2019-01-17;;19.99
10742;202006;92782705000126;TMSA - TECNOLOGIA EM MOVIMENTACAO S/A;BOLETO;10161.05;2020-07-17;51992592972;PLANO PAGAMENTO;PROCESSAMENTO DE DADOS SIM;2019-01-01;;30.00
10742;202006;92782705000126;TMSA - TECNOLOGIA EM MOVIMENTACAO S/A;BOLETO;10161.05;2020-07-17;51993096683;PLANO PAGAMENTO;PROCESSAMENTO DE DADOS SIM;2019-01-01;;30.00
10742;202006;92782705000126;TMSA - TECNOLOGIA EM MOVIMENTACAO S/A;BOLETO;10161.05;2020-07-17;51993096683;SERVICO OPERADORA;A - DADOS SMART EMPRESAS 5GB;2019-01-01;;34.99
10742;202006;92782705000126;TMSA - TECNOLOGIA EM MOVIMENTACAO S/A;BOLETO;10161.05;2020-07-17;51993097231;SERVICO OPERADORA;A - DADOS SMART EMPRESAS 5GB;2019-01-01;;34.99
10742;202006;92782705000126;TMSA - TECNOLOGIA EM MOVIMENTACAO S/A;BOLETO;10161.05;2020-07-17;51993097231;PLANO PAGAMENTO;PROCESSAMENTO DE DADOS SIM;2019-01-01;;30.00
10742;202006;92782705000126;TMSA - TECNOLOGIA EM MOVIMENTACAO S/A;BOLETO;10161.05;2020-07-17;51993119416;PLANO PAGAMENTO;PROCESSAMENTO DE DADOS SIM;2019-01-01;;30.00
10742;202006;92782705000126;TMSA - TECNOLOGIA EM MOVIMENTACAO S/A;BOLETO;10161.05;2020-07-17;51993119416;SERVICO OPERADORA;A - DADOS SMART EMPRESAS 5GB;2019-08-23;;34.99
10742;202006;92782705000126;TMSA - TECNOLOGIA EM MOVIMENTACAO S/A;BOLETO;10161.05;2020-07-17;51993187854;SERVICO OPERADORA;A - DADOS SMART EMPRESAS 2GB;2019-01-01;;19.99
10742;202006;92782705000126;TMSA - TECNOLOGIA EM MOVIMENTACAO S/A;BOLETO;10161.05;2020-07-17;51993187854;PLANO PAGAMENTO;PROCESSAMENTO DE DADOS SIM;2019-01-01;;30.00
10742;202006;92782705000126;TMSA - TECNOLOGIA EM MOVIMENTACAO S/A;BOLETO;10161.05;2020-07-17;51993189322;SERVICO OPERADORA;A - PLANO SMART EMPRESAS NACIONAL;2019-08-01;;9.99
10742;202006;92782705000126;TMSA - TECNOLOGIA EM MOVIMENTACAO S/A;BOLETO;10161.05;2020-07-17;51993189322;PLANO PAGAMENTO;PROCESSAMENTO DE DADOS SIM;2019-08-01;;30.00
10742;202006;92782705000126;TMSA - TECNOLOGIA EM MOVIMENTACAO S/A;BOLETO;10161.05;2020-07-17;51993189630;PLANO PAGAMENTO;PROCESSAMENTO DE DADOS SIM;2019-01-01;;30.00
10742;202006;92782705000126;TMSA - TECNOLOGIA EM MOVIMENTACAO S/A;BOLETO;10161.05;2020-07-17;51993189630;SERVICO OPERADORA;A - DADOS SMART EMPRESAS 5GB;2019-01-01;;34.99
10742;202006;92782705000126;TMSA - TECNOLOGIA EM MOVIMENTACAO S/A;BOLETO;10161.05;2020-07-17;51993231201;SERVICO OPERADORA;A - PLANO SMART EMPRESAS NACIONAL;2019-08-01;;9.99
10742;202006;92782705000126;TMSA - TECNOLOGIA EM MOVIMENTACAO S/A;BOLETO;10161.05;2020-07-17;51993231201;PLANO PAGAMENTO;PROCESSAMENTO DE DADOS SIM;2019-08-01;;30.00
10742;202006;92782705000126;TMSA - TECNOLOGIA EM MOVIMENTACAO S/A;BOLETO;10161.05;2020-07-17;51993319478;SERVICO OPERADORA;A - DADOS SMART EMPRESAS 500MB;2019-01-01;;14.99
10742;202006;92782705000126;TMSA - TECNOLOGIA EM MOVIMENTACAO S/A;BOLETO;10161.05;2020-07-17;51993319478;PLANO PAGAMENTO;PROCESSAMENTO DE DADOS SIM;2019-01-01;;30.00
10742;202006;92782705000126;TMSA - TECNOLOGIA EM MOVIMENTACAO S/A;BOLETO;10161.05;2020-07-17;51993319514;SERVICO OPERADORA;A - DADOS SMART EMPRESAS 5GB;2019-01-01;;34.99
10742;202006;92782705000126;TMSA - TECNOLOGIA EM MOVIMENTACAO S/A;BOLETO;10161.05;2020-07-17;51993319514;PLANO PAGAMENTO;PROCESSAMENTO DE DADOS SIM;2019-01-01;;30.00
10742;202006;92782705000126;TMSA - TECNOLOGIA EM MOVIMENTACAO S/A;BOLETO;10161.05;2020-07-17;51993320327;PLANO PAGAMENTO;PROCESSAMENTO DE DADOS SIM;2019-08-01;;30.00
10742;202006;92782705000126;TMSA - TECNOLOGIA EM MOVIMENTACAO S/A;BOLETO;10161.05;2020-07-17;51993320327;SERVICO OPERADORA;A - PLANO SMART EMPRESAS NACIONAL;2019-08-01;;9.99
10742;202006;92782705000126;TMSA - TECNOLOGIA EM MOVIMENTACAO S/A;BOLETO;10161.05;2020-07-17;51993320336;SERVICO OPERADORA;A - DADOS SMART EMPRESAS 5GB;2019-01-01;;34.99
10742;202006;92782705000126;TMSA - TECNOLOGIA EM MOVIMENTACAO S/A;BOLETO;10161.05;2020-07-17;51993320336;PLANO PAGAMENTO;PROCESSAMENTO DE DADOS SIM;2019-01-01;;30.00
10742;202006;92782705000126;TMSA - TECNOLOGIA EM MOVIMENTACAO S/A;BOLETO;10161.05;2020-07-17;51993320342;SERVICO OPERADORA;A - DADOS SMART EMPRESAS 5GB;2019-01-01;;34.99
10742;202006;92782705000126;TMSA - TECNOLOGIA EM MOVIMENTACAO S/A;BOLETO;10161.05;2020-07-17;51993320342;PLANO PAGAMENTO;PROCESSAMENTO DE DADOS SIM;2019-01-01;;30.00
10742;202006;92782705000126;TMSA - TECNOLOGIA EM MOVIMENTACAO S/A;BOLETO;10161.05;2020-07-17;51993320477;SERVICO OPERADORA;A - DADOS SMART EMPRESAS 500MB;2019-01-01;;14.99
10742;202006;92782705000126;TMSA - TECNOLOGIA EM MOVIMENTACAO S/A;BOLETO;10161.05;2020-07-17;51993320477;PLANO PAGAMENTO;PROCESSAMENTO DE DADOS SIM;2019-01-01;;30.00
10742;202006;92782705000126;TMSA - TECNOLOGIA EM MOVIMENTACAO S/A;BOLETO;10161.05;2020-07-17;51993394636;PLANO PAGAMENTO;PROCESSAMENTO DE DADOS SIM;2019-01-01;;30.00
10742;202006;92782705000126;TMSA - TECNOLOGIA EM MOVIMENTACAO S/A;BOLETO;10161.05;2020-07-17;51993394636;SERVICO OPERADORA;A - DADOS SMART EMPRESAS 500MB;2019-01-01;;14.99
10742;202006;92782705000126;TMSA - TECNOLOGIA EM MOVIMENTACAO S/A;BOLETO;10161.05;2020-07-17;51993440142;SERVICO OPERADORA;A - PLANO SMART EMPRESAS NACIONAL;2019-08-01;;9.99
10742;202006;92782705000126;TMSA - TECNOLOGIA EM MOVIMENTACAO S/A;BOLETO;10161.05;2020-07-17;51993440142;PLANO PAGAMENTO;PROCESSAMENTO DE DADOS SIM;2019-08-01;;30.00
10742;202006;92782705000126;TMSA - TECNOLOGIA EM MOVIMENTACAO S/A;BOLETO;10161.05;2020-07-17;51993520731;PLANO PAGAMENTO;PROCESSAMENTO DE DADOS SIM;2019-08-01;;30.00
10742;202006;92782705000126;TMSA - TECNOLOGIA EM MOVIMENTACAO S/A;BOLETO;10161.05;2020-07-17;51993520731;SERVICO OPERADORA;A - PLANO SMART EMPRESAS NACIONAL;2019-08-01;;9.99
10742;202006;92782705000126;TMSA - TECNOLOGIA EM MOVIMENTACAO S/A;BOLETO;10161.05;2020-07-17;51993568917;SERVICO OPERADORA;A - PLANO SMART EMPRESAS NACIONAL;2019-08-01;;9.99
10742;202006;92782705000126;TMSA - TECNOLOGIA EM MOVIMENTACAO S/A;BOLETO;10161.05;2020-07-17;51993568917;PLANO PAGAMENTO;PROCESSAMENTO DE DADOS SIM;2019-08-01;;30.00
10742;202006;92782705000126;TMSA - TECNOLOGIA EM MOVIMENTACAO S/A;BOLETO;10161.05;2020-07-17;51993608379;PLANO PAGAMENTO;PROCESSAMENTO DE DADOS SIM;2019-08-01;;30.00
10742;202006;92782705000126;TMSA - TECNOLOGIA EM MOVIMENTACAO S/A;BOLETO;10161.05;2020-07-17;51993608379;SERVICO OPERADORA;A - PLANO SMART EMPRESAS NACIONAL;2019-08-01;;9.99
10742;202006;92782705000126;TMSA - TECNOLOGIA EM MOVIMENTACAO S/A;BOLETO;10161.05;2020-07-17;51994037351;SERVICO OPERADORA;A - DADOS LINHA 5GB;2020-05-07;;49.90
10742;202006;92782705000126;TMSA - TECNOLOGIA EM MOVIMENTACAO S/A;BOLETO;10161.05;2020-07-17;51994037351;SERVICO OPERADORA;A - PLANO SMART EMPRESAS NACIONAL;2019-08-01;;9.99
10742;202006;92782705000126;TMSA - TECNOLOGIA EM MOVIMENTACAO S/A;BOLETO;10161.05;2020-07-17;51994037351;PLANO PAGAMENTO;PROCESSAMENTO DE DADOS SIM;2019-08-01;;30.00
10742;202006;92782705000126;TMSA - TECNOLOGIA EM MOVIMENTACAO S/A;BOLETO;10161.05;2020-07-17;51994053722;PLANO PAGAMENTO;PROCESSAMENTO DE DADOS SIM;2019-08-01;;30.00
10742;202006;92782705000126;TMSA - TECNOLOGIA EM MOVIMENTACAO S/A;BOLETO;10161.05;2020-07-17;51994053722;SERVICO OPERADORA;A - DADOS SMART EMPRESAS 2GB;2020-03-13;;19.99
10742;202006;92782705000126;TMSA - TECNOLOGIA EM MOVIMENTACAO S/A;BOLETO;10161.05;2020-07-17;51994054961;SERVICO OPERADORA;A - PLANO SMART EMPRESAS NACIONAL;2019-08-01;;9.99
10742;202006;92782705000126;TMSA - TECNOLOGIA EM MOVIMENTACAO S/A;BOLETO;10161.05;2020-07-17;51994054961;PLANO PAGAMENTO;PROCESSAMENTO DE DADOS SIM;2019-08-01;;30.00
10742;202006;92782705000126;TMSA - TECNOLOGIA EM MOVIMENTACAO S/A;BOLETO;10161.05;2020-07-17;51994057331;SERVICO OPERADORA;A - DADOS SMART EMPRESAS 500MB;2019-01-01;;14.99
10742;202006;92782705000126;TMSA - TECNOLOGIA EM MOVIMENTACAO S/A;BOLETO;10161.05;2020-07-17;51994057331;PLANO PAGAMENTO;PROCESSAMENTO DE DADOS SIM;2019-01-01;;30.00
10742;202006;92782705000126;TMSA - TECNOLOGIA EM MOVIMENTACAO S/A;BOLETO;10161.05;2020-07-17;51995067146;PLANO PAGAMENTO;PROCESSAMENTO DE DADOS SIM;2019-01-01;;30.00
10742;202006;92782705000126;TMSA - TECNOLOGIA EM MOVIMENTACAO S/A;BOLETO;10161.05;2020-07-17;51995067146;SERVICO OPERADORA;A - MODEM SMART 5GB;2019-01-15;;29.90
10742;202006;92782705000126;TMSA - TECNOLOGIA EM MOVIMENTACAO S/A;BOLETO;10161.05;2020-07-17;51995105815;PLANO PAGAMENTO;PROCESSAMENTO DE DADOS SIM;2019-08-01;;30.00
10742;202006;92782705000126;TMSA - TECNOLOGIA EM MOVIMENTACAO S/A;BOLETO;10161.05;2020-07-17;51995105815;SERVICO OPERADORA;A - PLANO SMART EMPRESAS NACIONAL;2019-08-01;;9.99
10742;202006;92782705000126;TMSA - TECNOLOGIA EM MOVIMENTACAO S/A;BOLETO;10161.05;2020-07-17;51995112038;SERVICO OPERADORA;A - DADOS SMART EMPRESAS 2GB;2019-01-01;;19.99
10742;202006;92782705000126;TMSA - TECNOLOGIA EM MOVIMENTACAO S/A;BOLETO;10161.05;2020-07-17;51995112038;PLANO PAGAMENTO;PROCESSAMENTO DE DADOS SIM;2019-01-01;;30.00
10742;202006;92782705000126;TMSA - TECNOLOGIA EM MOVIMENTACAO S/A;BOLETO;10161.05;2020-07-17;51995112258;SERVICO OPERADORA;A - DADOS SMART EMPRESAS 5GB;2019-01-01;;34.99
10742;202006;92782705000126;TMSA - TECNOLOGIA EM MOVIMENTACAO S/A;BOLETO;10161.05;2020-07-17;51995112258;PLANO PAGAMENTO;PROCESSAMENTO DE DADOS SIM;2019-01-01;;30.00
10742;202006;92782705000126;TMSA - TECNOLOGIA EM MOVIMENTACAO S/A;BOLETO;10161.05;2020-07-17;51995380855;SERVICO OPERADORA;A - DADOS SMART EMPRESAS 500MB;2019-02-12;;14.99
10742;202006;92782705000126;TMSA - TECNOLOGIA EM MOVIMENTACAO S/A;BOLETO;10161.05;2020-07-17;51995380855;PLANO PAGAMENTO;PROCESSAMENTO DE DADOS SIM;2019-02-12;;30.00
10742;202006;92782705000126;TMSA - TECNOLOGIA EM MOVIMENTACAO S/A;BOLETO;10161.05;2020-07-17;51995568278;PLANO PAGAMENTO;PROCESSAMENTO DE DADOS SIM;2019-10-25;;30.00
10742;202006;92782705000126;TMSA - TECNOLOGIA EM MOVIMENTACAO S/A;BOLETO;10161.05;2020-07-17;51995568278;SERVICO OPERADORA;A - DADOS SMART EMPRESAS 5GB;2019-10-25;;34.99
10742;202006;92782705000126;TMSA - TECNOLOGIA EM MOVIMENTACAO S/A;BOLETO;10161.05;2020-07-17;51995590187;PLANO PAGAMENTO;PROCESSAMENTO DE DADOS SIM;2019-02-12;;30.00
10742;202006;92782705000126;TMSA - TECNOLOGIA EM MOVIMENTACAO S/A;BOLETO;10161.05;2020-07-17;51995590187;SERVICO OPERADORA;A - DADOS SMART EMPRESAS 500MB;2019-02-12;;14.99
10742;202006;92782705000126;TMSA - TECNOLOGIA EM MOVIMENTACAO S/A;BOLETO;10161.05;2020-07-17;51995590460;SERVICO OPERADORA;A - DADOS SMART EMPRESAS 500MB;2019-02-12;;14.99
10742;202006;92782705000126;TMSA - TECNOLOGIA EM MOVIMENTACAO S/A;BOLETO;10161.05;2020-07-17;51995590460;PLANO PAGAMENTO;PROCESSAMENTO DE DADOS SIM;2019-02-12;;30.00
10742;202006;92782705000126;TMSA - TECNOLOGIA EM MOVIMENTACAO S/A;BOLETO;10161.05;2020-07-17;51995595192;SERVICO OPERADORA;A - DADOS SMART EMPRESAS 500MB;2019-02-12;;14.99
10742;202006;92782705000126;TMSA - TECNOLOGIA EM MOVIMENTACAO S/A;BOLETO;10161.05;2020-07-17;51995595192;PLANO PAGAMENTO;PROCESSAMENTO DE DADOS SIM;2019-02-12;;30.00
10742;202006;92782705000126;TMSA - TECNOLOGIA EM MOVIMENTACAO S/A;BOLETO;10161.05;2020-07-17;51995598942;SERVICO OPERADORA;A - DADOS SMART EMPRESAS 500MB;2019-02-12;;14.99
10742;202006;92782705000126;TMSA - TECNOLOGIA EM MOVIMENTACAO S/A;BOLETO;10161.05;2020-07-17;51995598942;PLANO PAGAMENTO;PROCESSAMENTO DE DADOS SIM;2019-02-12;;30.00
10742;202006;92782705000126;TMSA - TECNOLOGIA EM MOVIMENTACAO S/A;BOLETO;10161.05;2020-07-17;51995600183;SERVICO OPERADORA;A - MODEM SMART 3GB;2019-01-01;;24.90
10742;202006;92782705000126;TMSA - TECNOLOGIA EM MOVIMENTACAO S/A;BOLETO;10161.05;2020-07-17;51995600183;PLANO PAGAMENTO;PROCESSAMENTO DE DADOS SIM;2019-01-01;;30.00
10742;202006;92782705000126;TMSA - TECNOLOGIA EM MOVIMENTACAO S/A;BOLETO;10161.05;2020-07-17;51995823276;SERVICO OPERADORA;A - DADOS SMART EMPRESAS 5GB;2019-01-01;;34.99
10742;202006;92782705000126;TMSA - TECNOLOGIA EM MOVIMENTACAO S/A;BOLETO;10161.05;2020-07-17;51995823276;PLANO PAGAMENTO;PROCESSAMENTO DE DADOS SIM;2019-01-01;;30.00
10742;202006;92782705000126;TMSA - TECNOLOGIA EM MOVIMENTACAO S/A;BOLETO;10161.05;2020-07-17;51995838788;PLANO PAGAMENTO;PROCESSAMENTO DE DADOS SIM;2019-08-01;;30.00
10742;202006;92782705000126;TMSA - TECNOLOGIA EM MOVIMENTACAO S/A;BOLETO;10161.05;2020-07-17;51995838788;SERVICO OPERADORA;A - PLANO SMART EMPRESAS NACIONAL;2019-08-01;;9.99
10742;202006;92782705000126;TMSA - TECNOLOGIA EM MOVIMENTACAO S/A;BOLETO;10161.05;2020-07-17;51995863683;SERVICO OPERADORA;A - DADOS SMART EMPRESAS 500MB;2019-01-01;;14.99
10742;202006;92782705000126;TMSA - TECNOLOGIA EM MOVIMENTACAO S/A;BOLETO;10161.05;2020-07-17;51995863683;PLANO PAGAMENTO;PROCESSAMENTO DE DADOS SIM;2019-01-01;;30.00
10742;202006;92782705000126;TMSA - TECNOLOGIA EM MOVIMENTACAO S/A;BOLETO;10161.05;2020-07-17;51995943973;PLANO PAGAMENTO;PROCESSAMENTO DE DADOS SIM;2019-01-01;;30.00
10742;202006;92782705000126;TMSA - TECNOLOGIA EM MOVIMENTACAO S/A;BOLETO;10161.05;2020-07-17;51995943973;SERVICO OPERADORA;A - DADOS SMART EMPRESAS 500MB;2019-01-01;;14.99
10742;202006;92782705000126;TMSA - TECNOLOGIA EM MOVIMENTACAO S/A;BOLETO;10161.05;2020-07-17;51996095673;SERVICO OPERADORA;A - PLANO SMART EMPRESAS NACIONAL;2019-08-01;;9.99
10742;202006;92782705000126;TMSA - TECNOLOGIA EM MOVIMENTACAO S/A;BOLETO;10161.05;2020-07-17;51996095673;PLANO PAGAMENTO;PROCESSAMENTO DE DADOS SIM;2019-08-01;;30.00
10742;202006;92782705000126;TMSA - TECNOLOGIA EM MOVIMENTACAO S/A;BOLETO;10161.05;2020-07-17;51996153328;SERVICO OPERADORA;A - MODEM SMART 3GB;2019-01-01;;24.90
10742;202006;92782705000126;TMSA - TECNOLOGIA EM MOVIMENTACAO S/A;BOLETO;10161.05;2020-07-17;51996153328;PLANO PAGAMENTO;PROCESSAMENTO DE DADOS SIM;2019-01-01;;30.00
10742;202006;92782705000126;TMSA - TECNOLOGIA EM MOVIMENTACAO S/A;BOLETO;10161.05;2020-07-17;51996168535;PLANO PAGAMENTO;PROCESSAMENTO DE DADOS SIM;2019-08-01;;30.00
10742;202006;92782705000126;TMSA - TECNOLOGIA EM MOVIMENTACAO S/A;BOLETO;10161.05;2020-07-17;51996168535;SERVICO OPERADORA;A - PLANO SMART EMPRESAS NACIONAL;2019-08-01;;9.99
10742;202006;92782705000126;TMSA - TECNOLOGIA EM MOVIMENTACAO S/A;BOLETO;10161.05;2020-07-17;51996399725;PLANO PAGAMENTO;PROCESSAMENTO DE DADOS SIM;2019-01-01;;30.00
10742;202006;92782705000126;TMSA - TECNOLOGIA EM MOVIMENTACAO S/A;BOLETO;10161.05;2020-07-17;51996399725;SERVICO OPERADORA;A - MODEM SMART 3GB;2019-01-01;;24.90
10742;202006;92782705000126;TMSA - TECNOLOGIA EM MOVIMENTACAO S/A;BOLETO;10161.05;2020-07-17;51996781699;PLANO PAGAMENTO;PROCESSAMENTO DE DADOS SIM;2019-01-01;;30.00
10742;202006;92782705000126;TMSA - TECNOLOGIA EM MOVIMENTACAO S/A;BOLETO;10161.05;2020-07-17;51996781699;SERVICO OPERADORA;A - DADOS SMART EMPRESAS 5GB;2019-01-01;;34.99
10742;202006;92782705000126;TMSA - TECNOLOGIA EM MOVIMENTACAO S/A;BOLETO;10161.05;2020-07-17;51996795750;PLANO PAGAMENTO;PROCESSAMENTO DE DADOS SIM;2019-01-01;;30.00
10742;202006;92782705000126;TMSA - TECNOLOGIA EM MOVIMENTACAO S/A;BOLETO;10161.05;2020-07-17;51996795750;SERVICO OPERADORA;A - MODEM SMART 3GB;2019-01-01;;24.90
10742;202006;92782705000126;TMSA - TECNOLOGIA EM MOVIMENTACAO S/A;BOLETO;10161.05;2020-07-17;51996807816;PLANO PAGAMENTO;PROCESSAMENTO DE DADOS SIM;2019-01-01;;30.00
10742;202006;92782705000126;TMSA - TECNOLOGIA EM MOVIMENTACAO S/A;BOLETO;10161.05;2020-07-17;51996807816;SERVICO OPERADORA;A - MODEM SMART 3GB;2019-01-01;;24.90
10742;202006;92782705000126;TMSA - TECNOLOGIA EM MOVIMENTACAO S/A;BOLETO;10161.05;2020-07-17;51996820018;PLANO PAGAMENTO;PROCESSAMENTO DE DADOS SIM;2019-08-01;;30.00
10742;202006;92782705000126;TMSA - TECNOLOGIA EM MOVIMENTACAO S/A;BOLETO;10161.05;2020-07-17;51996820018;SERVICO OPERADORA;A - PLANO SMART EMPRESAS NACIONAL;2019-08-01;;9.99
10742;202006;92782705000126;TMSA - TECNOLOGIA EM MOVIMENTACAO S/A;BOLETO;10161.05;2020-07-17;51996872609;SERVICO OPERADORA;A - DADOS SMART EMPRESAS 2GB;2019-01-01;;19.99
10742;202006;92782705000126;TMSA - TECNOLOGIA EM MOVIMENTACAO S/A;BOLETO;10161.05;2020-07-17;51996872609;PLANO PAGAMENTO;PROCESSAMENTO DE DADOS SIM;2019-01-01;;30.00
10742;202006;92782705000126;TMSA - TECNOLOGIA EM MOVIMENTACAO S/A;BOLETO;10161.05;2020-07-17;51996922316;PLANO PAGAMENTO;PROCESSAMENTO DE DADOS SIM;2019-11-19;;30.00
10742;202006;92782705000126;TMSA - TECNOLOGIA EM MOVIMENTACAO S/A;BOLETO;10161.05;2020-07-17;51996922316;SERVICO OPERADORA;A - DADOS SMART EMPRESAS 5GB;2019-11-19;;34.99
10742;202006;92782705000126;TMSA - TECNOLOGIA EM MOVIMENTACAO S/A;BOLETO;10161.05;2020-07-17;51997077536;SERVICO OPERADORA;A - DADOS SMART EMPRESAS 2GB;2019-01-01;;19.99
10742;202006;92782705000126;TMSA - TECNOLOGIA EM MOVIMENTACAO S/A;BOLETO;10161.05;2020-07-17;51997077536;PLANO PAGAMENTO;PROCESSAMENTO DE DADOS SIM;2019-01-01;;30.00
10742;202006;92782705000126;TMSA - TECNOLOGIA EM MOVIMENTACAO S/A;BOLETO;10161.05;2020-07-17;51997115705;SERVICO OPERADORA;A - MODEM SMART 3GB;2019-01-01;;24.90
10742;202006;92782705000126;TMSA - TECNOLOGIA EM MOVIMENTACAO S/A;BOLETO;10161.05;2020-07-17;51997115705;PLANO PAGAMENTO;PROCESSAMENTO DE DADOS SIM;2019-01-01;;30.00
10742;202006;92782705000126;TMSA - TECNOLOGIA EM MOVIMENTACAO S/A;BOLETO;10161.05;2020-07-17;51997193186;PLANO PAGAMENTO;PROCESSAMENTO DE DADOS SIM;2019-01-17;;30.00
10742;202006;92782705000126;TMSA - TECNOLOGIA EM MOVIMENTACAO S/A;BOLETO;10161.05;2020-07-17;51997193186;SERVICO OPERADORA;A - DADOS SMART EMPRESAS 5GB;2019-01-17;;34.99
10742;202006;92782705000126;TMSA - TECNOLOGIA EM MOVIMENTACAO S/A;BOLETO;10161.05;2020-07-17;51997293283;PLANO PAGAMENTO;PROCESSAMENTO DE DADOS SIM;2019-01-01;;30.00
10742;202006;92782705000126;TMSA - TECNOLOGIA EM MOVIMENTACAO S/A;BOLETO;10161.05;2020-07-17;51997293283;SERVICO OPERADORA;A - DADOS SMART EMPRESAS 500MB;2019-01-01;;14.99
10742;202006;92782705000126;TMSA - TECNOLOGIA EM MOVIMENTACAO S/A;BOLETO;10161.05;2020-07-17;51997303078;SERVICO OPERADORA;A - DADOS SMART EMPRESAS 5GB;2019-01-01;;34.99
10742;202006;92782705000126;TMSA - TECNOLOGIA EM MOVIMENTACAO S/A;BOLETO;10161.05;2020-07-17;51997303078;PLANO PAGAMENTO;PROCESSAMENTO DE DADOS SIM;2019-01-01;;30.00
10742;202006;92782705000126;TMSA - TECNOLOGIA EM MOVIMENTACAO S/A;BOLETO;10161.05;2020-07-17;51997303450;PLANO PAGAMENTO;PROCESSAMENTO DE DADOS SIM;2019-01-01;;30.00
10742;202006;92782705000126;TMSA - TECNOLOGIA EM MOVIMENTACAO S/A;BOLETO;10161.05;2020-07-17;51997303450;SERVICO OPERADORA;A - MODEM SMART 3GB;2019-01-01;;24.90
10742;202006;92782705000126;TMSA - TECNOLOGIA EM MOVIMENTACAO S/A;BOLETO;10161.05;2020-07-17;51997354177;PLANO PAGAMENTO;PROCESSAMENTO DE DADOS SIM;2019-01-01;;30.00
10742;202006;92782705000126;TMSA - TECNOLOGIA EM MOVIMENTACAO S/A;BOLETO;10161.05;2020-07-17;51997354177;SERVICO OPERADORA;A - MODEM SMART 3GB;2019-01-01;;24.90
10742;202006;92782705000126;TMSA - TECNOLOGIA EM MOVIMENTACAO S/A;BOLETO;10161.05;2020-07-17;51997385465;SERVICO OPERADORA;A - DADOS SMART EMPRESAS 5GB;2019-08-29;;34.99
10742;202006;92782705000126;TMSA - TECNOLOGIA EM MOVIMENTACAO S/A;BOLETO;10161.05;2020-07-17;51997385465;PLANO PAGAMENTO;PROCESSAMENTO DE DADOS SIM;2019-08-01;;30.00
10742;202006;92782705000126;TMSA - TECNOLOGIA EM MOVIMENTACAO S/A;BOLETO;10161.05;2020-07-17;51997482206;PLANO PAGAMENTO;PROCESSAMENTO DE DADOS SIM;2019-01-01;;30.00
10742;202006;92782705000126;TMSA - TECNOLOGIA EM MOVIMENTACAO S/A;BOLETO;10161.05;2020-07-17;51997482206;SERVICO OPERADORA;A - MODEM SMART 3GB;2019-01-01;;24.90
10742;202006;92782705000126;TMSA - TECNOLOGIA EM MOVIMENTACAO S/A;BOLETO;10161.05;2020-07-17;51997703684;PLANO PAGAMENTO;PROCESSAMENTO DE DADOS SIM;2019-01-01;;30.00
10742;202006;92782705000126;TMSA - TECNOLOGIA EM MOVIMENTACAO S/A;BOLETO;10161.05;2020-07-17;51997703684;SERVICO OPERADORA;A - MODEM SMART 3GB;2019-01-01;;24.90
10742;202006;92782705000126;TMSA - TECNOLOGIA EM MOVIMENTACAO S/A;BOLETO;10161.05;2020-07-17;51997739256;SERVICO OPERADORA;A - MODEM SMART 3GB;2019-01-01;;24.90
10742;202006;92782705000126;TMSA - TECNOLOGIA EM MOVIMENTACAO S/A;BOLETO;10161.05;2020-07-17;51997739256;PLANO PAGAMENTO;PROCESSAMENTO DE DADOS SIM;2019-01-01;;30.00
10742;202006;92782705000126;TMSA - TECNOLOGIA EM MOVIMENTACAO S/A;BOLETO;10161.05;2020-07-17;51997751352;SERVICO OPERADORA;A - MODEM SMART 10GB;2019-01-01;;39.90
10742;202006;92782705000126;TMSA - TECNOLOGIA EM MOVIMENTACAO S/A;BOLETO;10161.05;2020-07-17;51997751352;PLANO PAGAMENTO;PROCESSAMENTO DE DADOS SIM;2019-01-01;;30.00
10742;202006;92782705000126;TMSA - TECNOLOGIA EM MOVIMENTACAO S/A;BOLETO;10161.05;2020-07-17;51998046510;SERVICO OPERADORA;A - MODEM SMART 3GB;2019-01-01;;24.90
10742;202006;92782705000126;TMSA - TECNOLOGIA EM MOVIMENTACAO S/A;BOLETO;10161.05;2020-07-17;51998046510;PLANO PAGAMENTO;PROCESSAMENTO DE DADOS SIM;2019-01-01;;30.00
10742;202006;92782705000126;TMSA - TECNOLOGIA EM MOVIMENTACAO S/A;BOLETO;10161.05;2020-07-17;51998078820;PLANO PAGAMENTO;PROCESSAMENTO DE DADOS SIM;2019-01-01;;30.00
10742;202006;92782705000126;TMSA - TECNOLOGIA EM MOVIMENTACAO S/A;BOLETO;10161.05;2020-07-17;51998078820;SERVICO OPERADORA;A - MODEM SMART 3GB;2019-01-01;;24.90
10742;202006;92782705000126;TMSA - TECNOLOGIA EM MOVIMENTACAO S/A;BOLETO;10161.05;2020-07-17;51998115641;SERVICO OPERADORA;A - PLANO SMART EMPRESAS NACIONAL;2019-08-01;;9.99
10742;202006;92782705000126;TMSA - TECNOLOGIA EM MOVIMENTACAO S/A;BOLETO;10161.05;2020-07-17;51998115641;PLANO PAGAMENTO;PROCESSAMENTO DE DADOS SIM;2019-08-01;;30.00
10742;202006;92782705000126;TMSA - TECNOLOGIA EM MOVIMENTACAO S/A;BOLETO;10161.05;2020-07-17;51998224867;SERVICO OPERADORA;A - MODEM SMART 3GB;2019-01-01;;24.90
10742;202006;92782705000126;TMSA - TECNOLOGIA EM MOVIMENTACAO S/A;BOLETO;10161.05;2020-07-17;51998224867;PLANO PAGAMENTO;PROCESSAMENTO DE DADOS SIM;2019-01-01;;30.00
10742;202006;92782705000126;TMSA - TECNOLOGIA EM MOVIMENTACAO S/A;BOLETO;10161.05;2020-07-17;51998260443;PLANO PAGAMENTO;PROCESSAMENTO DE DADOS SIM;2019-01-01;;30.00
10742;202006;92782705000126;TMSA - TECNOLOGIA EM MOVIMENTACAO S/A;BOLETO;10161.05;2020-07-17;51998260443;SERVICO OPERADORA;A - MODEM SMART 3GB;2019-01-01;;24.90
10742;202006;92782705000126;TMSA - TECNOLOGIA EM MOVIMENTACAO S/A;BOLETO;10161.05;2020-07-17;51998331892;SERVICO OPERADORA;A - PLANO SMART EMPRESAS NACIONAL;2019-08-01;;9.99
10742;202006;92782705000126;TMSA - TECNOLOGIA EM MOVIMENTACAO S/A;BOLETO;10161.05;2020-07-17;51998331892;PLANO PAGAMENTO;PROCESSAMENTO DE DADOS SIM;2019-08-01;;30.00
10742;202006;92782705000126;TMSA - TECNOLOGIA EM MOVIMENTACAO S/A;BOLETO;10161.05;2020-07-17;51998416785;SERVICO OPERADORA;A - MODEM SMART 3GB;2019-01-01;;24.90
10742;202006;92782705000126;TMSA - TECNOLOGIA EM MOVIMENTACAO S/A;BOLETO;10161.05;2020-07-17;51998416785;PLANO PAGAMENTO;PROCESSAMENTO DE DADOS SIM;2019-01-01;;30.00
10742;202006;92782705000126;TMSA - TECNOLOGIA EM MOVIMENTACAO S/A;BOLETO;10161.05;2020-07-17;51998420649;SERVICO OPERADORA;A - DADOS SMART EMPRESAS 5GB;2019-01-01;;34.99
10742;202006;92782705000126;TMSA - TECNOLOGIA EM MOVIMENTACAO S/A;BOLETO;10161.05;2020-07-17;51998420649;PLANO PAGAMENTO;PROCESSAMENTO DE DADOS SIM;2019-01-01;;30.00
10742;202006;92782705000126;TMSA - TECNOLOGIA EM MOVIMENTACAO S/A;BOLETO;10161.05;2020-07-17;51998464587;PLANO PAGAMENTO;PROCESSAMENTO DE DADOS SIM;2019-01-01;;30.00
10742;202006;92782705000126;TMSA - TECNOLOGIA EM MOVIMENTACAO S/A;BOLETO;10161.05;2020-07-17;51998464587;SERVICO OPERADORA;A - MODEM SMART 3GB;2019-01-01;;24.90
10742;202006;92782705000126;TMSA - TECNOLOGIA EM MOVIMENTACAO S/A;BOLETO;10161.05;2020-07-17;51998545903;PLANO PAGAMENTO;PROCESSAMENTO DE DADOS SIM;2019-01-01;;30.00
10742;202006;92782705000126;TMSA - TECNOLOGIA EM MOVIMENTACAO S/A;BOLETO;10161.05;2020-07-17;51998545903;SERVICO OPERADORA;A - DADOS SMART EMPRESAS 500MB;2019-01-01;;14.99
10742;202006;92782705000126;TMSA - TECNOLOGIA EM MOVIMENTACAO S/A;BOLETO;10161.05;2020-07-17;51998558242;PLANO PAGAMENTO;PROCESSAMENTO DE DADOS SIM;2019-01-01;;30.00
10742;202006;92782705000126;TMSA - TECNOLOGIA EM MOVIMENTACAO S/A;BOLETO;10161.05;2020-07-17;51998558242;SERVICO OPERADORA;A - DADOS SMART EMPRESAS 2GB;2019-01-01;;19.99
10742;202006;92782705000126;TMSA - TECNOLOGIA EM MOVIMENTACAO S/A;BOLETO;10161.05;2020-07-17;51998605732;PLANO PAGAMENTO;PROCESSAMENTO DE DADOS SIM;2019-01-01;;30.00
10742;202006;92782705000126;TMSA - TECNOLOGIA EM MOVIMENTACAO S/A;BOLETO;10161.05;2020-07-17;51998605732;SERVICO OPERADORA;A - DADOS SMART EMPRESAS 500MB;2019-01-01;;14.99
10742;202006;92782705000126;TMSA - TECNOLOGIA EM MOVIMENTACAO S/A;BOLETO;10161.05;2020-07-17;51998664267;SERVICO OPERADORA;A - DADOS SMART EMPRESAS 500MB;2019-01-01;;14.99
10742;202006;92782705000126;TMSA - TECNOLOGIA EM MOVIMENTACAO S/A;BOLETO;10161.05;2020-07-17;51998664267;PLANO PAGAMENTO;PROCESSAMENTO DE DADOS SIM;2019-01-01;;30.00
10742;202006;92782705000126;TMSA - TECNOLOGIA EM MOVIMENTACAO S/A;BOLETO;10161.05;2020-07-17;51998665309;PLANO PAGAMENTO;PROCESSAMENTO DE DADOS SIM;2019-01-01;;30.00
10742;202006;92782705000126;TMSA - TECNOLOGIA EM MOVIMENTACAO S/A;BOLETO;10161.05;2020-07-17;51998665309;SERVICO OPERADORA;A - MODEM SMART 5GB;2019-01-01;;29.90
10742;202006;92782705000126;TMSA - TECNOLOGIA EM MOVIMENTACAO S/A;BOLETO;10161.05;2020-07-17;51998861851;PLANO PAGAMENTO;PROCESSAMENTO DE DADOS SIM;2019-01-01;;30.00
10742;202006;92782705000126;TMSA - TECNOLOGIA EM MOVIMENTACAO S/A;BOLETO;10161.05;2020-07-17;51998861851;SERVICO OPERADORA;A - MODEM SMART 3GB;2019-01-01;;24.90
10742;202006;92782705000126;TMSA - TECNOLOGIA EM MOVIMENTACAO S/A;BOLETO;10161.05;2020-07-17;51998932684;SERVICO OPERADORA;A - DADOS SMART EMPRESAS 500MB;2019-01-01;;14.99
10742;202006;92782705000126;TMSA - TECNOLOGIA EM MOVIMENTACAO S/A;BOLETO;10161.05;2020-07-17;51998932684;PLANO PAGAMENTO;PROCESSAMENTO DE DADOS SIM;2019-01-01;;30.00
10742;202006;92782705000126;TMSA - TECNOLOGIA EM MOVIMENTACAO S/A;BOLETO;10161.05;2020-07-17;51998957118;SERVICO OPERADORA;A - PLANO SMART EMPRESAS NACIONAL;2019-08-01;;9.99
10742;202006;92782705000126;TMSA - TECNOLOGIA EM MOVIMENTACAO S/A;BOLETO;10161.05;2020-07-17;51998957118;PLANO PAGAMENTO;PROCESSAMENTO DE DADOS SIM;2019-08-01;;30.00
10742;202006;92782705000126;TMSA - TECNOLOGIA EM MOVIMENTACAO S/A;BOLETO;10161.05;2020-07-17;51999201125;PLANO PAGAMENTO;PROCESSAMENTO DE DADOS SIM;2019-01-01;;30.00
10742;202006;92782705000126;TMSA - TECNOLOGIA EM MOVIMENTACAO S/A;BOLETO;10161.05;2020-07-17;51999201125;SERVICO OPERADORA;A - MODEM SMART 3GB;2019-01-01;;24.90
10742;202006;92782705000126;TMSA - TECNOLOGIA EM MOVIMENTACAO S/A;BOLETO;10161.05;2020-07-17;51999275176;PLANO PAGAMENTO;PROCESSAMENTO DE DADOS SIM;2019-01-01;;30.00
10742;202006;92782705000126;TMSA - TECNOLOGIA EM MOVIMENTACAO S/A;BOLETO;10161.05;2020-07-17;51999275176;SERVICO OPERADORA;A - MODEM SMART 3GB;2019-01-01;;24.90
10742;202006;92782705000126;TMSA - TECNOLOGIA EM MOVIMENTACAO S/A;BOLETO;10161.05;2020-07-17;51999541926;PLANO PAGAMENTO;PROCESSAMENTO DE DADOS SIM;2019-01-01;;30.00
10742;202006;92782705000126;TMSA - TECNOLOGIA EM MOVIMENTACAO S/A;BOLETO;10161.05;2020-07-17;51999541926;SERVICO OPERADORA;A - MODEM SMART 10GB;2019-01-01;;39.90
10742;202006;92782705000126;TMSA - TECNOLOGIA EM MOVIMENTACAO S/A;BOLETO;10161.05;2020-07-17;51999971088;SERVICO OPERADORA;A - DADOS SMART EMPRESAS 5GB;2019-10-25;;34.99
10742;202006;92782705000126;TMSA - TECNOLOGIA EM MOVIMENTACAO S/A;BOLETO;10161.05;2020-07-17;51999971088;PLANO PAGAMENTO;PROCESSAMENTO DE DADOS SIM;2019-10-25;;30.00
10742;202006;92782705000126;TMSA - TECNOLOGIA EM MOVIMENTACAO S/A;BOLETO;10161.05;2020-07-17;;TX ASSOCIADO;TAXA ASSOCIADO;;;109.35
